"ETL_EM","Cell_A","Cs_ratio","FA_ratio","MA_ratio","Br_ratio","DMSO_DMF","AntiSolvent_Xl","AntiSolvent_bp","AntiSolvent_v","Annealing_t","JV_Voc","JV_Jsc","JV_FF","JV_PCE"
3.3e-05,0.09,0,0,1,0,0.25,2.9,131.7,0.806,100,1.05,20.68,0.7,15.33
3.3e-05,0.09,0,0,1,0,0.25,2.9,131.7,0.806,100,1.08,21.04,0.74,17.05
3.3e-05,0.09,0.05,0.79,0.16,0.17,0.25,2.9,131.7,0.806,100,1.03,20.8,0.746,16.1
0.000992,0.09,0.05,0.79,0.16,0.17,0.25,2.9,131.7,0.806,100,1.05,21.8,0.767,17.5
0.000992,0.16,0.05,0.81,0.14,0.15,0.25,0.7,77.1,0.423,120,1.097,22.26,0.75,18.32
0.000992,0.16,0.05,0.81,0.14,0.15,0.25,0.7,77.1,0.423,120,1.092,22.21,0.755,18.07
0.000992,0.1,0,0.83,0.17,0.17,0.5,2.9,131.7,0.806,140,1.18,20.04,0.759,19.63
3.3e-05,0.09,0,0.85,0.15,0,0.25,2.9,131.7,0.806,150,1.03,24.19,0.726,18.3
3.3e-05,0.09,0,0.85,0.15,0,0.25,2.9,131.7,0.806,150,1.05,25.4,0.770999999999999,20.56
0.000992,0.1,0,0,1,0,0.111111111111111,2.9,131.7,0.806,100,1.02,22.5,0.752,17.6
0.000992,0.1,0.05,0.81,0.14,0.15,0.25,2.9,131.7,0.806,120,1.13,22.58,0.733,18.7
3.3e-05,0.16,0,0,1,0,0.111111111111111,2.9,131.7,0.806,100,1.01,21.8,0.667999999999999,14.7
3.3e-05,0.16,0,0,1,0,0.111111111111111,2.9,131.7,0.806,100,1.02,22.3,0.76,17.3
0.000992,0.16,0.05,0.79,0.16,0.17,0.25,2.9,131.7,0.806,100,1.051,20.1,0.75,15.9
0.000992,0.16,0.05,0.79,0.16,0.17,0.25,2.9,131.7,0.806,100,1.091,20.6,0.76,17
0.000992,0.17,0.05,0.79,0.16,0.17,0.25,2.9,131.7,0.806,100,1.137,21.83,0.749,18.57
0.000992,0.17,0.05,0.79,0.16,0.17,0.25,2.9,131.7,0.806,100,1.141,22.07,0.748,18.84
0.000992,0.17,0.05,0.79,0.16,0.17,0.25,2.9,131.7,0.806,100,1.143,21.86,0.780999999999999,19.52
0.000992,0.17,0.05,0.79,0.16,0.17,0.25,2.9,131.7,0.806,100,1.141,21.92,0.787,19.68
0.000992,0.17,0.05,0.79,0.16,0.17,0.25,2.9,131.7,0.806,100,1.153,22.31,0.790999999999999,20.33
0.000992,0.17,0.05,0.79,0.16,0.17,0.25,2.9,131.7,0.806,100,1.158,22.39,0.792999999999999,20.56
0.000992,0.17,0.05,0.79,0.16,0.17,0.25,2.9,131.7,0.806,100,1.145,21.31,0.779,19.02
0.000992,0.17,0.05,0.79,0.16,0.17,0.25,2.9,131.7,0.806,100,1.145,21.36,0.784,19.17
0.000992,0.17,0,1,0,0,0.25,2.9,131.7,0.806,100,1.103,23.23,0.765,19.52
0.000992,0.17,0,1,0,0,0.25,2.9,131.7,0.806,100,1.117,23.13,0.770999999999999,19.92
0.000992,0.17,0,1,0,0,0.25,2.9,131.7,0.806,100,1.137,23.83,0.797999999999999,21.64
0.000992,0.17,0,1,0,0,0.25,2.9,131.7,0.806,100,1.139,23.68,0.814,21.95
0.000992,0.09,0,0,1,0,0.142857142857143,0.9,34.6,0.2448,100,1.04,21.4,0.75,16.7
0.000992,0.09,0,0,1,0,0.142857142857143,0.9,34.6,0.2448,100,1.04,21.4,0.75,16.7
0.000992,0.09,0,0,1,0,0.142857142857143,0.9,34.6,0.2448,100,1.05,22.2,0.763,17.81
3.3e-05,0.07,0.05,0.855,0.095,0.145,0.25,2.9,131.7,0.806,100,1.02,21.22,0.711,15.4
3.3e-05,0.09,0.15,0.85,0,0,0.25,2.9,131.7,0.806,130,1,24,0.715,17.2
0.000992,0.125,0,0.83,0.17,0.16,0.25,2.9,131.7,0.806,100,1.05,20.5,0.645999999999999,14.22
0.000992,0.125,0,0.83,0.17,0.16,0.25,2.9,131.7,0.806,100,1.09,21.5,0.705,16.73
3.3e-05,0.09,0,0,1,0,0.25,2.9,131.7,0.806,100,1.01,22.96,0.74,17.25
0.000992,0.0893,0.17,0.83,0,0.27,0.111111111111111,2.9,131.7,0.806,100,1.244,19.5,0.767,18.6
0.000992,0.0893,0.17,0.83,0,0.4,0.111111111111111,2.9,131.7,0.806,100,1.284,17.8,0.722,16.51
0.000992,0.0893,0.17,0.83,0,0.5,0.111111111111111,2.9,131.7,0.806,100,1.296,16.2,0.715,15.01
0.000992,0.0893,0.17,0.83,0,0.6,0.111111111111111,2.9,131.7,0.806,100,1.31199999999999,15,0.729,14.35
0.000992,0.0893,0.17,0.83,0,0.27,0.111111111111111,2.9,131.7,0.806,100,1.22299999999999,19.5,0.721,17.2
0.000992,0.0893,0.17,0.83,0,0.4,0.111111111111111,2.9,131.7,0.806,100,1.254,17.4,0.697,15.2
0.000992,0.0893,0.17,0.83,0,0.27,0.111111111111111,2.9,131.7,0.806,100,1.22299999999999,19.6,0.725,17.39
3.3e-05,0.1,0,0,1,0,0.428571428571429,2.9,131.7,0.806,100,1.08,21.4,0.72,16.6
3.3e-05,0.1,0,0,1,0,0.428571428571429,2.9,131.7,0.806,100,1.11,23.3,0.78,20.2
3.3e-05,0.1,0,0,1,0,0.142857142857143,0.9,34.6,0.2448,100,1.08,23.26,0.68,17.06
3.3e-05,0.1,0,0,1,0,0.142857142857143,0.9,34.6,0.2448,100,1.01,23.59,0.595,14.18
3.3e-05,0.15,0,0.85,0.15,0.15,0.25,2.7,110.6,0.56,100,1.035,23.2,0.7046,16.96
3.3e-05,0.15,0,0.85,0.15,0.15,0.25,2.7,110.6,0.56,100,1.068,23.39,0.718,17.94
3.3e-05,0.15,0,0.85,0.15,0.15,0.25,2.7,110.6,0.56,100,1.07,23.48,0.714,17.95
3.3e-05,0.06,0.05,0.79,0.16,0.16,0.25,2.9,131.7,0.806,100,1.039,19.21,0.704,14.05
3.3e-05,0.06,0.05,0.79,0.16,0.16,0.25,0.9,34.6,0.2448,100,1.073,19.31,0.718,15.04
3.3e-05,0.06,0.05,0.79,0.16,0.16,0.25,2.7,110.6,0.56,100,1.071,17.2,0.716,13.18
3.3e-05,0.06,0.05,0.79,0.16,0.16,0.25,0.3,82.3,2.038,100,1.058,17.59,0.677999999999999,12.62
3.3e-05,0.06,0.05,0.79,0.16,0.16,0.25,0.7,77.1,0.423,100,1.049,17.82,0.685999999999999,12.82
3.3e-05,0.06,0.05,0.79,0.16,0.16,0.25,0.9,34.6,0.2448,100,1.085,19.35,0.716,15.03
3.3e-05,0.06,0.05,0.79,0.16,0.16,0.25,0.9,34.6,0.2448,100,1.099,19.59,0.721,15.52
3.3e-05,0.06,0.05,0.79,0.16,0.16,0.25,0.9,34.6,0.2448,100,1.105,20.54,0.728,16.54
3.3e-05,0.06,0.05,0.79,0.16,0.16,0.25,0.9,34.6,0.2448,100,1.101,20.1,0.717,15.86
3.3e-05,0.06,0.05,0.79,0.16,0.16,0.25,0.9,34.6,0.2448,100,1.082,18.18,0.693,13.61
3.3e-05,0.06,0.05,0.79,0.16,0.16,0.25,0.9,34.6,0.2448,100,1.115,21.1,0.739,17.38
3.3e-05,0.06,0,0.83,0.17,0.17,0.25,0.9,34.6,0.2448,100,1.07,19.92,0.689,14.68
0.000992,0.1,0,0.85,0.15,0.15,0.25,2.9,131.7,0.806,100,1.08,23.31,0.79,19.7
0.000992,0.1,0,0.85,0.15,0.15,0.25,2.9,131.7,0.806,100,1.06,20.25,0.77,16.6
3.3e-05,0.09,0,0,1,0,0.111111111111111,2.9,131.7,0.806,100,1.07,21.6,0.718,16.6
3.3e-05,0.09,0,0,1,0,0.111111111111111,2.9,131.7,0.806,100,1.09,21.1,0.682,15.7
3.3e-05,0.1,0.17,0.83,0,0.4,0.285714285714286,2.9,131.7,0.806,100,1.2,18.11,0.76,16.57
3.3e-05,0.1,0.17,0.83,0,0.4,0.285714285714286,2.9,131.7,0.806,100,1.17,18.86,0.74,16.34
0.000992,0.1,0,0,1,0,0.111111111111111,0.9,34.6,0.2448,100,1.134,23.05,0.778,20.31
0.000992,0.1,0,0,1,0,0.111111111111111,0.9,34.6,0.2448,100,1.035,22.1,0.736,17.91
3.3e-05,0.07,0,0,1,0,0.428571428571429,2.9,131.7,0.806,100,1.06,22.71,0.66,15.9
3.3e-05,0.07,0,0,1,0,0.428571428571429,2.9,131.7,0.806,100,1.11,22.77,0.7,17.7
3.3e-05,0.07,0,0,1,0,0.428571428571429,2.9,131.7,0.806,100,1.12,22.86,0.71,18.3
3.3e-05,0.1,0.05,0.79,0.16,0,0.25,2.9,131.7,0.806,100,1.14,22.49,0.74,19.1
0.000992,0.1,0.05,0.81,0.14,0.15,0.25,2.9,131.7,0.806,100,1.12,22.6,0.74,18.3
0.000992,0.1,0.05,0.81,0.14,0.15,0.25,2.9,131.7,0.806,100,1.135,22.1,0.71,17.8
0.000992,0.1,0.05,0.81,0.14,0.15,0.25,2.9,131.7,0.806,100,1.195,22.2,0.73,19.4
3.3e-05,0.1,0.05,0.81,0.14,0.15,0.25,2.9,131.7,0.806,110,1.128,21.8,0.71,17.5
3.3e-05,0.1,0.05,0.81,0.14,0.15,0.25,2.9,131.7,0.806,110,1.15,22,0.728,18.6
3.3e-05,0.1,0.05,0.81,0.14,0.15,0.25,2.9,131.7,0.806,110,1.156,22.2,0.754,19.3
3.3e-05,0.1,0.05,0.81,0.14,0.15,0.25,2.9,131.7,0.806,110,1.144,22,0.744,18.8
0.000992,0.11,0.05,0.83,0.12,0.13,0.25,2.9,131.7,0.806,100,1.14,23.12,0.728,19.2
3.3e-05,0.15,0,0,1,0,0.428571428571429,2.7,110.6,0.56,100,0.97,20.9,0.72,14.5
3.3e-05,0.15,0,0,1,0,0.428571428571429,2.7,110.6,0.56,100,0.97,22.4,0.72,15.5
0.000992,0.08567,0,0,1,0,0.111111111111111,0.9,34.6,0.2448,70,1.121,23.21,0.762,19.82
0.000992,0.1,0.05,0.79,0.16,0.17,0.333333333333333,2.9,131.7,0.806,100,1.11,22.91,0.69,18.3
0.000992,0.1,0.05,0.79,0.16,0.17,1,2.9,131.7,0.806,100,1.13,23.3,0.72,19
0.000992,0.1,0.05,0.79,0.16,0.17,1.66666666666667,2.9,131.7,0.806,100,1.15,23.2,0.75,19.8
0.000992,0.1,0.05,0.79,0.16,0.17,2.33333333333333,2.9,131.7,0.806,100,1.12,23.1,0.7,18.8
0.000992,0.1,0.05,0.79,0.16,0.17,1.66666666666667,2.9,131.7,0.806,100,1.16,23.13,0.79,21.2
0.000992,0.1,0,1,0,0,0.125,2.9,131.7,0.806,100,1.011,23.63,0.635,15.16
0.000992,0.1,0,0.975,0.025,0.025,0.125,2.9,131.7,0.806,100,1.047,22.98,0.713,17.5
0.000992,0.1,0,0.975,0.025,0.025,0.125,2.9,131.7,0.806,100,1.085,23.03,0.775,19.37
0.000992,0.1,0,0.975,0.025,0.025,0.125,2.9,131.7,0.806,100,1.11,24.01,0.797999999999999,21.26
0.000992,0.1,0,0.975,0.025,0.025,0.125,2.9,131.7,0.806,100,1.052,22.16,0.759,17.66
0.000992,0.1,0,0.975,0.025,0.025,0.125,2.9,131.7,0.806,100,1.112,23.48,0.787,20.55
0.000992,0.1,0,0.95,0.05,0.05,0.125,2.9,131.7,0.806,100,1.122,24.47,0.82,22.51
0.000992,0.1,0,0.9,0.1,0.1,0.125,2.9,131.7,0.806,100,1.139,23.45,0.795,21.23
0.000992,0.1,0,0.85,0.15,0.15,0.125,2.9,131.7,0.806,100,1.152,22.8,0.784,20.59
0.000992,0.09,0,0.85,0.15,0.15,0.25,2.7,110.6,0.56,100,1,23.4,0.72,16.9
3.3e-05,0.125,0.05,0.79,0.16,0.17,0.176470588235294,0.7,77.1,0.423,105,1.11,21.86,0.7,17.02
3.3e-05,0.125,0.05,0.79,0.16,0.17,0.25,0.7,77.1,0.423,105,1.13,22.7,0.75,19.23
3.3e-05,0.125,0.05,0.79,0.16,0.17,10,0.7,77.1,0.423,105,1.12,22.06,0.73,18.12
3.3e-05,0.125,0.05,0.79,0.16,0.17,9,0.7,77.1,0.423,105,0.99,21.61,0.63,13.53
0.000992,0.15,0,0,1,0,0.25,2.9,131.7,0.806,100,1.11,22.15,0.75,18.52
3.3e-05,0.0725,0,0,1,0,0.25,2.9,131.7,0.806,100,1.08,23.46,0.75,18.94
3.3e-05,0.0725,0,0,1,0,0.25,2.9,131.7,0.806,100,1.1,24.04,0.76,20.14
3.3e-05,0.0725,0,0,1,0,0.25,2.9,131.7,0.806,100,1.06,22.91,0.72,17.46
3.3e-05,0.09,0,0,1,0,0.25,2.7,110.6,0.56,100,1.08,22.71,0.712,17.46
3.3e-05,0.1,0.05,0.81,0.14,0.15,0.25,2.9,131.7,0.806,100,1.11,23.42,0.752,19.53
3.3e-05,0.1,0.05,0.81,0.14,0.15,0.25,2.9,131.7,0.806,100,1.14,24.1,0.7756,21.31
0.000992,0.1,0.1,0.75,0.15,0.12,0.25,2.9,131.7,0.806,120,1.097,23.21,0.746,18.99
0.000992,0.1,0.1,0.75,0.15,0.12,0.25,2.9,131.7,0.806,120,1.084,22.66,0.821,20.16
0.000992,0.1,0,0.83,0.17,0.124,0.25,2.9,131.7,0.806,120,1.103,21.96,0.627,15.2
0.000992,0.1,0,0.83,0.17,0.17,0.25,2.9,131.7,0.806,100,1.14,22.82,0.735,19.11
0.000992,0.1,0,0.83,0.17,0.17,0.25,2.9,131.7,0.806,100,1.14,22.69,0.737,19.06
0.000992,0.1,0.1,0.75,0.15,0.117,0.25,2.9,131.7,0.806,100,1.14,22.81,0.760999999999999,19.79
0.000992,0.1,0.1,0.75,0.15,0.117,0.25,2.9,131.7,0.806,100,1.14,22.78,0.755,19.61
0.000992,0.1,0.1,0.75,0.15,0.117,0.25,2.9,131.7,0.806,100,1.13,22.75,0.754,19.38
0.000992,0.1,0.1,0.75,0.15,0.117,0.25,2.9,131.7,0.806,100,1.12,22.88,0.748,19.17
0.000992,0.1,0,0.83,0.17,0.17,0.25,2.9,131.7,0.806,100,1.14,22.5,0.72,18.5
0.000992,0.1,0,0.83,0.17,0.17,0.25,2.9,131.7,0.806,100,1.12,22.5,0.71,18
0.000992,0.1,0.1,0.75,0.15,0.116,0.25,2.9,131.7,0.806,100,1.14,22.6,0.75,19.5
0.000992,0.1,0.1,0.75,0.15,0.116,0.25,2.9,131.7,0.806,100,1.117,22,0.74,18.2
0.000992,0.1,0.1,0.75,0.15,0.116,0.25,2.9,131.7,0.806,100,1.125,22.5,0.73,18.5
0.000992,0.0925,0.17,0.83,0,0.17,0.25,2.1,153.7,1.52,100,1.09,21.9,0.73,17.6
0.000992,0.0925,0.17,0.83,0,0.17,0.25,2.1,153.7,1.52,100,1.13,21.7,0.75,17.8
0.000992,0.06,0,0.85,0.15,0.15,0.25,2.7,110.6,0.56,100,1.11,23.5,0.778,20.3
0.000992,0.06,0,0.85,0.15,0.15,0.25,2.7,110.6,0.56,100,1.1,23.2,0.775,19.8
0.000992,0.06,0,0,1,0,0.25,2.7,110.6,0.56,100,1.04,22.8,0.774,18.7
0.000992,0.06,0,0,1,0,0.25,2.7,110.6,0.56,100,1.05,21.9,0.758,17.5
0.000992,0.06,0,0.85,0.15,0.15,0.25,2.7,110.6,0.56,100,1.09,22.5,0.763,18.7
3.3e-05,0.1,0.05,0.79,0.16,0.17,0.25,2.9,131.7,0.806,100,1.12,22.14,0.745,18.59
3.3e-05,0.1,0.05,0.79,0.16,0.17,0.25,2.9,131.7,0.806,100,1.14,22.63,0.765999999999999,19.74
3.3e-05,0.1,0.05,0.79,0.16,0.17,0.25,2.9,131.7,0.806,100,1.15,22.66,0.785,20.47
3.3e-05,0.1,0.05,0.79,0.16,0.17,0.25,2.9,131.7,0.806,100,1.14,22.62,0.777,20.06
3.3e-05,0.1,0.05,0.79,0.16,0.17,0.25,2.9,131.7,0.806,100,1.14,22.45,0.755,19.41
3.3e-05,0.1,0.05,0.79,0.16,0.17,0.25,2.9,131.7,0.806,100,1.128,22.01,0.736,18.31
3.3e-05,0.1,0.05,0.79,0.16,0.17,0.25,2.9,131.7,0.806,100,1.15,22.38,0.775999999999999,20.11
0.000992,0.1,0.05,0.79,0.16,0.17,0.428571428571429,2.9,131.7,0.806,100,1.077,22.37,0.716,17.24
0.000992,0.1,0.05,0.79,0.16,0.17,0.428571428571429,2.9,131.7,0.806,100,1.075,23.57,0.699,17.71
0.000992,0.1,0.05,0.79,0.16,0.17,0.428571428571429,2.9,131.7,0.806,100,1.09,24.17,0.734,19.36
0.000992,0.16,0.05,0.86,0.09,0.1,0.25,2.9,131.7,0.806,100,1.12,23.9,0.77,20.7
0.000992,0.16,0,0.83,0.17,0.17,0.2,2.9,131.7,0.806,100,1.12,23.39,0.67,17.55
0.000992,0.16,0,0.83,0.17,0.17,0.2,2.9,131.7,0.806,100,1.12,23.41,0.74,19.4
0.000992,0.16,0,0.83,0.17,0.17,0.2,2.9,131.7,0.806,100,1.15,23.38,0.75,20.16
0.000992,0.16,0,0.83,0.17,0.17,0.2,2.9,131.7,0.806,100,1.14,23.3,0.74,19.66
0.000992,0.16,0,0.83,0.17,0.17,0.2,2.9,131.7,0.806,100,1.11,23.25,0.65,16.85
0.000992,0.16,0,0.83,0.17,0.17,0.2,2.9,131.7,0.806,100,1.12,23.29,0.72,18.81
0.000992,0.16,0,0.83,0.17,0.17,0.2,2.9,131.7,0.806,100,1.13,23.29,0.73,19.28
0.000992,0.16,0,0.83,0.17,0.17,0.2,2.9,131.7,0.806,100,1.12,23.3,0.71,18.53
3.3e-05,0.09,0.05,0.79,0.16,0.17,0.25,2.9,131.7,0.806,150,1.109,21.95,0.741,18.04
3.3e-05,0.09,0.05,0.79,0.16,0.17,0.25,2.9,131.7,0.806,150,1.11599999999999,22.5,0.76,19.08
3.3e-05,0.09,0.05,0.79,0.16,0.17,0.25,2.9,131.7,0.806,150,1.12,23.19,0.792999999999999,20.61
3.3e-05,0.09,0.05,0.79,0.16,0.17,0.25,2.9,131.7,0.806,150,1.117,22.35,0.770999999999999,19.26
3.3e-05,0.09,0.05,0.79,0.16,0.17,0.25,2.9,131.7,0.806,150,1.104,21.57,0.732,17.43
3.3e-05,0.09,0.05,0.79,0.16,0.17,0.25,2.9,131.7,0.806,150,1.11,22.03,0.749,18.33
3.3e-05,0.09,0.05,0.79,0.16,0.17,0.25,2.9,131.7,0.806,150,1.114,22.68,0.785,19.83
3.3e-05,0.09,0.05,0.79,0.16,0.17,0.25,2.9,131.7,0.806,150,1.11,21.97,0.760999999999999,18.57
3.3e-05,0.09,0.17,0.83,0,0.17,0.25,0.9,34.6,0.2448,70,1.14,21.9,0.743,18.5
3.3e-05,0.09,0.17,0.83,0,0.17,0.25,0.9,34.6,0.2448,70,1.09,21,0.662999999999999,15.2
3.3e-05,0.09,0.17,0.83,0,0.17,0.25,0.9,34.6,0.2448,70,1.1,20.6,0.655,14.9
3.3e-05,0.1,0,0,1,0,0.111111111111111,0.9,34.6,0.2448,100,1.1,21.42,0.68,16.03
0.000992,0.1,0.1,0.75,0.15,0.166,0.25,2.9,131.7,0.806,100,1.06,19.4,0.72,14.8
0.000992,0.1,0.1,0.75,0.15,0.166,0.25,2.9,131.7,0.806,100,1.06,19.1,0.72,14.6
0.000992,0.1,0.05,0.79,0.16,0.17,0.25,2.9,131.7,0.806,100,1.12,21.74,0.764,18.59
0.000992,0.1,0.05,0.79,0.16,0.17,0.25,2.9,131.7,0.806,100,1.12,22.74,0.7658,19.45
0.000992,0.1,0.05,0.79,0.16,0.17,0.25,2.9,131.7,0.806,100,1.13,23.04,0.7691,20.08
0.000992,0.1,0.05,0.79,0.16,0.17,0.25,2.9,131.7,0.806,100,1.14,22.82,0.7531,19.54
0.000992,0.1,0.05,0.79,0.16,0.17,0.25,2.9,131.7,0.806,100,1.114,23.01,0.7772,20.35
0.000992,0.1,0.05,0.79,0.16,0.17,0.25,2.9,131.7,0.806,100,1.11,22.84,0.7663,19.51
0.000992,0.1,0.05,0.79,0.16,0.17,0.25,2.9,131.7,0.806,100,1.14,23.01,0.7772,20.35
0.000992,0.1,0.05,0.79,0.16,0.17,0.25,2.9,131.7,0.806,100,1.11,22.53,0.755,18.81
0.000992,0.088,0.05,0.79,0.16,0.17,0.25,2.9,131.7,0.806,100,1.07,22.86,0.701,17.2
3.3e-05,0.09,0,0.75,0.25,0.166,0.25,2.9,131.7,0.806,100,1.08,21.8,0.72,17
3.3e-05,0.06,0.05,0.81,0.14,0.15,0.25,2.9,131.7,0.806,100,1.02,23.01,0.7,16.52
0.000992,0.102,0,0.8,0.2,0.2,0.25,2.9,131.7,0.806,100,1.107,22.29,0.758,18.7
0.000992,0.102,0,0.8,0.2,0.2,0.25,2.9,131.7,0.806,100,1.114,22.68,0.779,19.68
0.000992,0.102,0,0.8,0.2,0.2,0.25,2.9,131.7,0.806,100,1.089,22.31,0.753,18.3
0.000992,0.09,0.05,0.76,0.19,0.2,0.25,2.9,131.7,0.806,100,1.1,23,0.775999999999999,19.63
0.000992,0.09,0.05,0.76,0.19,0.2,0.25,2.9,131.7,0.806,100,1.14,23.2,0.788,20.91
0.000992,0.09,0.05,0.76,0.19,0.2,0.25,2.9,131.7,0.806,100,1.16,23.6,0.784,20.32
0.000992,0.09,0.05,0.78,0.16,0.166,0.25,2.9,131.7,0.806,100,1.09,21.65,0.774,18.32
0.000992,0.09,0.05,0.78,0.16,0.166,0.25,2.9,131.7,0.806,100,1.11,21.25,0.792,18.68
0.000992,0.09,0.05,0.78,0.16,0.166,0.25,2.9,131.7,0.806,100,1.12,21.51,0.792999999999999,19.03
0.000992,0.09,0.05,0.78,0.16,0.166,0.25,2.9,131.7,0.806,100,1.13,21.84,0.790999999999999,19.46
0.000992,0.09,0.05,0.78,0.16,0.166,0.25,2.9,131.7,0.806,100,1.13,21.96,0.794,19.75
0.000992,0.09,0.05,0.78,0.16,0.166,0.25,2.9,131.7,0.806,100,1.14,22.2,0.792,20.13
0.000992,0.09,0.05,0.78,0.16,0.166,0.25,2.9,131.7,0.806,100,1.12,21.86,0.784,19.15
3.3e-05,0.15,0,0,1,0,0.111111111111111,2.7,110.6,0.56,100,1.053,22.9,0.755,18.2
3.3e-05,0.15,0,0,1,0,0.111111111111111,2.7,110.6,0.56,100,1.037,22.3,0.727,16.9
3.3e-05,0.15,0,0,1,0,0.111111111111111,2.7,110.6,0.56,100,1.046,22.9,0.735,17.6
0.000992,0.16,0.05,0.79,0.16,0.17,0.25,0.7,77.1,0.423,120,1.09,22.76,0.773,19.17
0.000992,0.16,0.05,0.79,0.16,0.17,0.25,0.7,77.1,0.423,120,1.081,22.23,0.732,17.59
0.000992,0.1,0.05,0.81,0.14,0.15,0.25,2.9,131.7,0.806,100,1.033,22.21,0.754,17.3
0.000992,0.1,0.05,0.81,0.14,0.15,0.25,2.9,131.7,0.806,100,1.139,23.01,0.7402,19.4
0.000992,0.1,0.05,0.81,0.14,0.15,0.25,2.9,131.7,0.806,100,1.13,23.01,0.7857,20.5
0.000992,0.1,0.05,0.81,0.14,0.15,0.25,2.9,131.7,0.806,100,1.101,23.09,0.7091,18
0.000992,0.16,0.05,0.81,0.14,0.15,0.25,2.9,131.7,0.806,100,1.142,23.45,0.758,20.34
0.000992,0.16,0.05,0.81,0.14,0.15,0.25,2.9,131.7,0.806,100,1.169,23.91,0.765,21.4
3.3e-05,0.16,0.05,0.81,0.14,0.15,0.25,2.9,131.7,0.806,100,1.125,22.85,0.752,19.33
3.3e-05,0.049,0.2,0.8,0,0.25,0.25,2.9,131.7,0.806,100,1.17,20.4,0.773,18.5
3.3e-05,0.049,0.05,0.81,0.14,0.15,0.25,2.9,131.7,0.806,100,1.22,21.2,0.805,20.8
3.3e-05,0.049,0.17,0.83,0,0.4,0.25,2.9,131.7,0.806,100,1.22,18.7,0.755999999999999,17.2
3.3e-05,0.049,0.12,0.83,0.05,0.4,0.25,2.9,131.7,0.806,100,1.25,19,0.815,19.3
0.000992,0.24,0,0.83,0.17,0.13,0.25,2.9,131.7,0.806,100,1.05,23.03,0.754,18.22
3.3e-05,0.24,0,0.83,0.17,0.13,0.25,2.9,131.7,0.806,100,1.02,24.05,0.761,18.67
0.000992,0.24,0,0,1,0,0.25,2.9,131.7,0.806,100,0.97,21.98,0.564,12.08
3.3e-05,0.24,0,0.83,0.17,0.13,0.25,2.9,131.7,0.806,100,1.01,22.49,0.775,17.65
3.3e-05,0.09,0,0,1,0,0.5,2.9,131.7,0.806,100,1.09,18.77,0.7,14.38
3.3e-05,0.066,0,0,1,0,0.0909090909090909,2.9,131.7,0.806,100,1.06,22.67,0.78,18.7
3.3e-05,0.066,0,0,1,0,0.0909090909090909,2.9,131.7,0.806,100,1.08,21.58,0.76,17.7
3.3e-05,0.066,0,0,1,0,0.0909090909090909,2.9,131.7,0.806,100,0.98,22.3,0.74,16.2
3.3e-05,0.066,0,0,1,0,0.0909090909090909,2.9,131.7,0.806,100,1.02,22.5,0.73,16.8
3.3e-05,0.066,0,0,1,0,0.0909090909090909,2.9,131.7,0.806,100,1.06,22.5,0.72,17.2
3.3e-05,0.066,0,0,1,0,0.0909090909090909,2.9,131.7,0.806,100,1.04,22.5,0.74,17.3
3.3e-05,0.066,0,0,1,0,0.0909090909090909,2.9,131.7,0.806,100,1.07,23.2,0.77,19.1
3.3e-05,0.066,0,0,1,0,0.0909090909090909,2.9,131.7,0.806,100,1.07,23.7,0.78,19.8
3.3e-05,0.066,0,0,1,0,0.0909090909090909,2.9,131.7,0.806,100,1.09,22.9,0.76,19
3.3e-05,0.066,0,0,1,0,0.0909090909090909,2.9,131.7,0.806,100,1.06,22.3,0.77,18.2
3.3e-05,0.59,0,0,1,0,0.121951219512195,0.9,34.6,0.2448,100,1.067,22.77,0.733,17.83
3.3e-05,0.59,0.1,0.75,0.15,0.17,0.25,2.9,131.7,0.806,100,1.132,21.77,0.760999999999999,18.76
3.3e-05,0.012,0,0,1,0,0.25,2.9,131.7,0.806,100,1.13,22.79,0.640999999999999,16.52
3.3e-05,0.012,0,0,1,0,0.25,2.9,131.7,0.806,100,1.12,22.33,0.689,17.23
3.3e-05,0.012,0,0,1,0,0.121951219512195,0.9,34.6,0.2448,100,1.13,22.69,0.722,18.54
0.000992,0.1,0.1,0.75,0.15,0.17,0.25,2.9,131.7,0.806,100,1.11,23.55,0.71,18.56
3.3e-05,0.06,0.1,0.75,0.15,0.153,0.25,2.9,131.7,0.806,100,1.06,21.45,0.7,15.93
3.3e-05,0.06,0.1,0.75,0.15,0.153,0.25,2.9,131.7,0.806,100,1.05,22.05,0.7,16.29
3.3e-05,0.06,0.1,0.75,0.15,0.153,0.25,2.9,131.7,0.806,100,1.07,22.8,0.72,17.66
3.3e-05,0.06,0.1,0.75,0.15,0.153,0.25,2.9,131.7,0.806,100,1.06,22.28,0.71,16.86
3.3e-05,0.06,0.1,0.75,0.15,0.153,0.25,2.9,131.7,0.806,100,1.06,22.02,0.71,16.59
3.3e-05,0.06,0.1,0.75,0.15,0.153,0.25,2.9,131.7,0.806,100,1.06,21.68,0.71,16.2
3.3e-05,0.06,0.1,0.75,0.15,0.153,0.25,2.9,131.7,0.806,100,1.05,21.97,0.72,16.57
3.3e-05,0.06,0.1,0.75,0.15,0.153,0.25,2.9,131.7,0.806,100,1.06,22.63,0.73,17.53
3.3e-05,0.06,0.1,0.75,0.15,0.153,0.25,2.9,131.7,0.806,100,1.07,22.97,0.74,18.28
0.000992,0.09,0,0,1,0,0.111111111111111,0.9,34.6,0.2448,60,1.1,21.76,0.728,17.34
0.000992,0.09,0,0.3,0.7,0.3,0.25,2.9,131.7,0.806,100,1.08,23.4,0.74,20.1
0.000992,0.09,0,0.3,0.7,0.3,0.25,2.9,131.7,0.806,100,1.05,21.92,0.61,14.07
0.000992,0.09,0,0.3,0.7,0.3,0.25,2.9,131.7,0.806,100,1.05,22.83,0.74,17.71
0.000992,0.09,0,0.3,0.7,0.3,0.25,2.9,131.7,0.806,100,1.11,22.99,0.77,20.11
0.000992,0.09,0,0.3,0.7,0.3,0.25,2.9,131.7,0.806,100,1.13,22.29,0.68,17.23
3.3e-05,0.16,0,0,1,0,0.428571428571429,2.9,131.7,0.806,100,1.08,21.51,0.68,15.7
0.000992,0.0314,0.05,0.79,0.16,0.17,0.25,2.9,131.7,0.806,100,1.07,21.7,0.81,18.8
0.000992,0.0314,0.05,0.79,0.16,0.17,0.25,2.9,131.7,0.806,100,1.1,22.01,0.82,19.8
0.000992,0.0314,0.05,0.79,0.16,0.17,0.25,2.9,131.7,0.806,100,1.09,21.5,0.81,19
0.000992,0.0314,0.05,0.79,0.16,0.17,0.25,2.9,131.7,0.806,100,1.113,22.01,0.81,19.9
0.000992,0.0314,0.05,0.79,0.16,0.17,0.25,2.9,131.7,0.806,100,1.12,21.82,0.83,20.3
0.000992,0.0314,0.05,0.79,0.16,0.17,0.25,2.9,131.7,0.806,100,1.1,21.9,0.83,19.96
3.3e-05,0.16,0.05,0.79,0.16,0.17,0.25,2.9,131.7,0.806,100,1.12,23.2,0.7,18.15
3.3e-05,0.16,0.05,0.79,0.16,0.17,0.25,0.3,82.3,2.038,100,1.16,22.5,0.72,18.9
3.3e-05,0.16,0.05,0.79,0.16,0.17,0.25,2.9,131.7,0.806,100,1.12,22.3,0.7,18.2
3.3e-05,0.16,0.05,0.79,0.16,0.17,0.25,0.3,82.3,2.038,100,1.16,22.5,0.705,18.8
0.000992,0.1,0,0,1,0,0.428571428571429,2.9,131.7,0.806,100,1.07,23.09,0.734,18.22
3.3e-05,0.1,0,0,1,0,0.333333333333333,2.9,131.7,0.806,100,1.1,20.8,0.69,15.8
3.3e-05,0.0831,0.05,0.7885,0.1615,0,4,2.9,131.7,0.806,100,1.11,20.8,0.66,15.3
3.3e-05,0.07,0,0,1,0,0.25,2.9,131.7,0.806,100,1.08,22.4,0.74,17.8
3.3e-05,0.07,0,0,1,0,0.25,2.9,131.7,0.806,100,1.1,23,0.75,19
3.3e-05,0.07,0,0,1,0,0.25,2.9,131.7,0.806,100,1.08,22.4,0.74,17.8
3.3e-05,0.07,0,0,1,0,0.25,2.9,131.7,0.806,100,1.08,22.1,0.73,17.4
3.3e-05,0.07,0,0,1,0,0.25,2.9,131.7,0.806,100,1.06,21.9,0.72,16.9
3.3e-05,0.07,0,0,1,0,0.25,2.9,131.7,0.806,100,1.03,20.8,0.67,14.4
3.3e-05,0.07,0,0,1,0,0.25,2.9,131.7,0.806,100,1.1,23,0.75,19
3.3e-05,0.07,0,0,1,0,0.25,2.9,131.7,0.806,100,1.1,22.9,0.75,18.8
3.3e-05,0.07,0,0,1,0,0.25,2.9,131.7,0.806,100,1.09,22.7,0.75,18.4
3.3e-05,0.07,0,0,1,0,0.25,2.9,131.7,0.806,100,1.09,22.5,0.74,18.1
0.000992,0.125,0,0.95,0.05,0.05,0.125,0.9,34.6,0.2448,150,1.092,22.89,0.77,19.3
0.000992,0.125,0,0.95,0.05,0.05,0.125,0.9,34.6,0.2448,150,1.099,22.85,0.76,19.01
0.000992,0.125,0,0.95,0.05,0.05,0.125,0.9,34.6,0.2448,150,1.114,22.89,0.74,18.97
0.000992,0.125,0,0.95,0.05,0.05,0.125,0.9,34.6,0.2448,150,1.089,22.65,0.79,19.53
0.000992,0.125,0,0.95,0.05,0.05,0.125,0.9,34.6,0.2448,150,1.127,22.99,0.78,20.33
0.000992,0.125,0,0.95,0.05,0.05,0.125,0.9,34.6,0.2448,150,1.133,22.95,0.77,20.11
0.000992,0.125,0,0.95,0.05,0.05,0.125,0.9,34.6,0.2448,150,1.141,22.91,0.77,20.07
0.000992,0.125,0,0.95,0.05,0.05,0.125,0.9,34.6,0.2448,150,1.089,22.65,0.79,19.53
0.000992,0.125,0,0.95,0.05,0.05,0.125,0.9,34.6,0.2448,150,1.153,23.06,0.79,20.96
0.000992,0.125,0,0.95,0.05,0.05,0.125,0.9,34.6,0.2448,150,1.077,22.38,0.77,18.58
0.000992,0.125,0,0.95,0.05,0.05,0.125,0.9,34.6,0.2448,150,1.089,22.65,0.79,19.53
0.000992,0.125,0,0.95,0.05,0.05,0.125,0.9,34.6,0.2448,150,1.064,22.5,0.77,18.46
0.000992,0.125,0,0.95,0.05,0.05,0.125,0.9,34.6,0.2448,150,1.08,22.49,0.77,18.69
0.000992,0.125,0,0.95,0.05,0.05,0.125,0.9,34.6,0.2448,150,1.092,22.74,0.77,19.24
0.000992,0.125,0,0.95,0.05,0.05,0.125,0.9,34.6,0.2448,150,1.087,22.45,0.78,19.09
0.000992,0.125,0,0.95,0.05,0.05,0.125,0.9,34.6,0.2448,150,1.083,22.22,0.76,18.35
0.000992,0.125,0,0.95,0.05,0.05,0.125,0.9,34.6,0.2448,150,1.061,22.41,0.78,18.68
0.000992,0.125,0,0.95,0.05,0.05,0.125,0.9,34.6,0.2448,150,1.08,22.69,0.75,18.36
0.000992,0.125,0,0.95,0.05,0.05,0.125,0.9,34.6,0.2448,150,1.074,21.86,0.74,17.43
0.000992,0.125,0,0.95,0.05,0.05,0.125,0.9,34.6,0.2448,150,1.097,22.67,0.76,18.87
0.000992,0.125,0,0.95,0.05,0.05,0.125,0.9,34.6,0.2448,150,1.09,22.5,0.72,17.64
0.000992,0.125,0,0.95,0.05,0.05,0.125,0.9,34.6,0.2448,150,1.079,22.51,0.76,18.43
0.000992,0.125,0,0.95,0.05,0.05,0.125,0.9,34.6,0.2448,150,1.094,22.53,0.78,19.12
0.000992,0.125,0,0.95,0.05,0.05,0.125,0.9,34.6,0.2448,150,1.104,22.63,0.76,18.86
0.000992,0.125,0,0.95,0.05,0.05,0.125,0.9,34.6,0.2448,150,1.11,22.47,0.75,18.73
0.000992,0.125,0,0.95,0.05,0.05,0.125,0.9,34.6,0.2448,150,1.085,22.8,0.75,18.61
0.000992,0.125,0,0.95,0.05,0.05,0.125,0.9,34.6,0.2448,150,1.079,22.65,0.76,18.55
0.000992,0.125,0,0.95,0.05,0.05,0.125,0.9,34.6,0.2448,150,1.084,22.47,0.77,18.71
0.000992,0.125,0,0.95,0.05,0.05,0.125,0.9,34.6,0.2448,150,1.077,22.33,0.75,18.07
0.000992,0.125,0,0.95,0.05,0.05,0.125,0.9,34.6,0.2448,150,1.145,23.01,0.78,20.56
0.000992,0.125,0,0.95,0.05,0.05,0.125,0.9,34.6,0.2448,150,1.152,23.06,0.79,20.96
0.000992,0.125,0,0.95,0.05,0.05,0.125,0.9,34.6,0.2448,150,1.16,22.96,0.77,20.62
0.000992,0.125,0,0.95,0.05,0.05,0.125,0.9,34.6,0.2448,150,1.149,22.97,0.78,20.46
0.000992,0.125,0,0.95,0.05,0.05,0.125,0.9,34.6,0.2448,150,1.151,22.92,0.77,20.43
0.000992,0.125,0,0.95,0.05,0.05,0.125,0.9,34.6,0.2448,150,1.135,22.81,0.78,20.21
0.000992,0.125,0,0.95,0.05,0.05,0.125,0.9,34.6,0.2448,150,1.139,22.43,0.81,20.62
0.000992,0.125,0,0.95,0.05,0.05,0.125,0.9,34.6,0.2448,150,1.141,22.91,0.77,20.02
0.000992,0.125,0,0.95,0.05,0.05,0.125,0.9,34.6,0.2448,150,1.137,22.86,0.77,20
0.000992,0.125,0,0.95,0.05,0.05,0.125,0.9,34.6,0.2448,150,1.138,22.9,0.76,19.86
0.000992,0.125,0,0.95,0.05,0.05,0.125,0.9,34.6,0.2448,150,1.139,22.91,0.77,20.01
0.000992,0.125,0,0.95,0.05,0.05,0.125,0.9,34.6,0.2448,150,1.138,23,0.77,20.27
0.000992,0.125,0,0.95,0.05,0.05,0.125,0.9,34.6,0.2448,150,1.142,23.06,0.76,20.01
0.000992,0.125,0,0.95,0.05,0.05,0.125,0.9,34.6,0.2448,150,1.139,23.04,0.76,20.06
0.000992,0.125,0,0.95,0.05,0.05,0.125,0.9,34.6,0.2448,150,1.156,22.78,0.77,20.25
0.000992,0.125,0,0.95,0.05,0.05,0.125,0.9,34.6,0.2448,150,1.153,22.83,0.77,20.27
0.000992,0.125,0,0.95,0.05,0.05,0.125,0.9,34.6,0.2448,150,1.129,22.84,0.76,19.55
0.000992,0.125,0,0.95,0.05,0.05,0.125,0.9,34.6,0.2448,150,1.133,22.78,0.77,19.76
0.000992,0.125,0,0.95,0.05,0.05,0.125,0.9,34.6,0.2448,150,1.154,22.82,0.78,20.46
0.000992,0.125,0,0.95,0.05,0.05,0.125,0.9,34.6,0.2448,150,1.128,22.78,0.78,20.02
0.000992,0.1,0.17,0.83,0,0.133,4,2.9,131.7,0.806,100,1.02,22.05,0.71,15.97
0.000992,0.1,0.05,0.79,0.16,0.17,4,2.9,131.7,0.806,100,1.02,22.56,0.743,17.08
0.000992,0.1,0.05,0.79,0.16,0.17,4,2.9,131.7,0.806,100,1.13,23.33,0.777,20.48
0.000992,0.1,0.17,0.83,0,0.133,4,2.9,131.7,0.806,100,1.08,22.79,0.756,18.06
3.3e-05,0.0831,0,0,1,0,4,2.9,131.7,0.806,100,1.06,18.7,0.76,15.1
3.3e-05,0.1,0.07,0.81,0.12,0.127,0.25,2.9,131.7,0.806,100,1.11,22,0.719,17.6
3.3e-05,0.1,0.07,0.81,0.12,0.127,0.25,2.9,131.7,0.806,100,1.12,21.7,0.713,17.4
3.3e-05,0.1,0.07,0.81,0.12,0.127,0.25,2.9,131.7,0.806,100,1.15,22,0.763,19.3
3.3e-05,0.1,0,0.83,0.17,0.166,0.25,2.9,131.7,0.806,100,1.1,22.1,0.752,18.3
3.3e-05,0.1,0,0.83,0.17,0.166,0.25,2.9,131.7,0.806,100,1.12,22.5,0.77,19.4
3.3e-05,0.1,0,0.83,0.17,0.166,0.25,2.9,131.7,0.806,100,1.12,22.5,0.77,19.4
3.3e-05,0.1,0,0.83,0.17,0.166,0.25,2.9,131.7,0.806,100,1.12,22.5,0.77,19.4
3.3e-05,0.1,0,0.83,0.17,0.166,0.25,2.9,131.7,0.806,100,1.12,22.5,0.77,19.4
3.3e-05,0.1,0,0.83,0.17,0.166,0.25,2.9,131.7,0.806,100,1.12,22.5,0.77,19.4
3.3e-05,0.125,0.05,0.79,0.16,0.166,0.25,2.9,131.7,0.806,100,1.08,22.28,0.715,17.24
3.3e-05,0.125,0.05,0.79,0.16,0.166,0.25,2.9,131.7,0.806,100,1.1,23.39,0.748,19.18
3.3e-05,0.125,0.05,0.79,0.16,0.166,0.25,2.9,131.7,0.806,100,1.07,22.5,0.733,17.69
0.000992,0.1,0,0,1,0,0.153846153846154,0.9,34.6,0.2448,100,1.084,21.79,0.719,16.97
0.000992,0.1,0,0,1,0,0.153846153846154,0.9,34.6,0.2448,100,1.11,22.2,0.743,18.3
0.000992,0.1,0,0,1,0,0.153846153846154,0.9,34.6,0.2448,100,1.115,22.05,0.759,18.65
0.000992,0.1,0,0,1,0,0.153846153846154,0.9,34.6,0.2448,100,1.112,22,0.753,18.35
0.000992,0.1,0,0,1,0,0.153846153846154,0.9,34.6,0.2448,100,1.112,22.1,0.767,18.9
0.000992,0.1,0,0,1,0,0.153846153846154,0.9,34.6,0.2448,100,1.11799999999999,22.38,0.763,19.09
0.000992,0.1,0,0,1,0,0.153846153846154,0.9,34.6,0.2448,100,1.12,22.15,0.763,18.9
0.000992,0.1,0,0,1,0,0.153846153846154,0.9,34.6,0.2448,100,1.128,22.2,0.765,19.1
0.000992,0.1,0,0,1,0,0.153846153846154,0.9,34.6,0.2448,100,1.132,22,0.767,19.1
0.000992,0.1,0,0,1,0,0.153846153846154,0.9,34.6,0.2448,100,1.129,22.34,0.767,19.35
0.000992,0.1,0,0,1,0,0.153846153846154,0.9,34.6,0.2448,100,1.12,22.3,0.76,18.9
0.000992,0.1,0,0,1,0,0.153846153846154,0.9,34.6,0.2448,100,1.12,22.1,0.755,18.6
0.000992,0.1,0,0,1,0,0.153846153846154,0.9,34.6,0.2448,100,1.125,21.2,0.73,17
0.000992,0.1,0,0,1,0,0.153846153846154,0.9,34.6,0.2448,100,1.125,20.7,0.74,17.5
0.000992,0.1,0,0,1,0,0.153846153846154,0.9,34.6,0.2448,100,1.083,22.43,0.736,17.88
0.000992,0.1,0,0,1,0,0.153846153846154,0.9,34.6,0.2448,100,1.131,22.81,0.778,20.06
0.000992,0.1,0,0,1,0,0.153846153846154,0.9,34.6,0.2448,100,1.155,21.4,0.715,17.8
0.000992,0.1,0,0,1,0,0.153846153846154,0.9,34.6,0.2448,100,1.152,21.45,0.72,17.8
0.000992,0.1,0,0,1,0,0.153846153846154,0.9,34.6,0.2448,100,1.08,21.5,0.75,17
0.000992,0.1,0,0,1,0,0.153846153846154,0.9,34.6,0.2448,100,1.1,21.25,0.77,18
0.000992,0.1,0,0,1,0,0.153846153846154,0.9,34.6,0.2448,100,1.13,21,0.76,18
0.000992,0.1,0,0,1,0,0.153846153846154,0.9,34.6,0.2448,100,1.135,20.5,0.76,17.5
0.000992,0.0919,0.017,0.83,0.15,0.17,0.25,2.1,153.7,1.52,100,1.16,23.28,0.78,20.3
0.000992,0.0919,0.017,0.83,0.15,0.17,0.25,2.1,153.7,1.52,100,1.12,22.52,0.75,18.8
0.000992,0.08,0,0,1,0,0.25,0.7,77.1,0.423,100,1,20.67,0.75,15.54
0.000992,0.08,0,0,1,0,0.25,0.7,77.1,0.423,100,1,20.98,0.72,15.18
0.000992,0.08,0,0,1,0,0.25,0.7,77.1,0.423,100,1.03,20.96,0.76,16.54
0.000992,0.08,0,0,1,0,0.25,0.7,77.1,0.423,100,1.02,21.36,0.76,16.68
0.000992,0.08,0,0,1,0,0.25,0.7,77.1,0.423,100,1.03,22.26,0.76,17.41
0.000992,0.08,0,0,1,0,0.25,0.7,77.1,0.423,100,1.03,21.31,0.76,16.8
0.000992,0.08,0,0,1,0,0.25,0.7,77.1,0.423,100,1.01,21.27,0.68,14.49
0.000992,0.08,0,0,1,0,0.25,0.7,77.1,0.423,100,0.98,21.07,0.65,13.49
0.000992,0.08,0,0,1,0,0.25,0.7,77.1,0.423,100,0.99,17.83,0.67,11.91
0.000992,0.08,0,0,1,0,0.25,0.7,77.1,0.423,100,1.02,21.09,0.74,15.98
0.000992,0.08,0,0,1,0,0.25,0.7,77.1,0.423,100,1,21.37,0.74,15.8
0.000992,0.08,0,0,1,0,0.25,0.7,77.1,0.423,100,1.01,20.86,0.72,15.12
0.000992,0.09,0.05,0.81,0.14,0.17,0.25,2.9,131.7,0.806,100,1.09,23.7,0.78,18.1
0.000992,0.09,0.05,0.81,0.14,0.17,0.25,2.9,131.7,0.806,100,1.11,23.4,0.81,19
0.000992,0.09,0.05,0.81,0.14,0.19,0.25,2.1,153.7,1.52,110,1.14,22.09,0.807,20.31
0.000992,0.1,0,0.85,0.15,0.15,0.25,2.9,131.7,0.806,120,1.03,21.74,0.723,16.25
0.000992,0.1,0,0.85,0.15,0.15,0.25,2.9,131.7,0.806,120,1.13,22.92,0.7805,20.2
3.3e-05,0.12,0.05,0.79,0.16,0.17,0.25,0.7,77.1,0.423,100,1.093,22.86,0.77,19.15
3.3e-05,0.12,0.05,0.79,0.16,0.17,0.25,0.7,77.1,0.423,100,1.081,21.82,0.74,17.47
3.3e-05,0.12,0.05,0.79,0.16,0.17,0.25,0.7,77.1,0.423,100,1.091,22.26,0.76,18.53
3.3e-05,0.16,0,0.85,0.15,0.15,0.25,0.7,77.1,0.423,120,1.035,22.62,0.7,16.39
0.000992,0.16,0,0.85,0.15,0.15,0.25,0.7,77.1,0.423,120,1.09599999999999,21.57,0.739,17.46
3.3e-05,0.16,0,0.85,0.15,0.15,0.25,0.7,77.1,0.423,120,1.086,22.19,0.738,17.78
0.000992,0.1,0,0,1,0,0.25,2.9,131.7,0.806,100,1.05,22.01,0.69,15.98
0.000992,0.1,0,0,1,0,0.25,2.9,131.7,0.806,100,1.07,22.26,0.7,16.59
0.000992,0.1,0,0,1,0,0.25,2.9,131.7,0.806,100,1.1,22.46,0.75,18.54
0.000992,0.1,0.05,0.8,0.15,0.15,0.25,2.7,110.6,0.56,120,1.08,22.1,0.758,18.1
0.000992,0.1,0.05,0.8,0.15,0.15,0.25,2.7,110.6,0.56,120,1.08,23.2,0.774,19.4
0.000992,0.096,0,0.85,0.15,0.15,0.25,2.9,131.7,0.806,100,1.14,22.7,0.69,18.06
0.000992,0.096,0,0.85,0.15,0.15,0.25,2.9,131.7,0.806,100,1.16,22.81,0.73,19.23
3.3e-05,0.1,0.05,0.81,0.14,0.15,0.25,2.9,131.7,0.806,120,1.11,22.1,0.775,19
3.3e-05,0.1,0.05,0.81,0.14,0.15,0.25,2.9,131.7,0.806,120,1.14,22.6,0.778,20.1
0.000992,0.02,0.05,0.79,0.16,0.16,0.25,2.1,153.7,1.52,100,1.04,21.93,0.727,16.66
3.3e-05,0.09,0,0.85,0.15,0,0.25,2.9,131.7,0.806,150,1.09,24,0.758,19.83
3.3e-05,0.09,0,0.85,0.15,0,0.25,2.9,131.7,0.806,150,1.12,24.92,0.785999999999999,21.95
3.3e-05,0.09,0,0.85,0.15,0,0.25,2.9,131.7,0.806,150,1.09,24.44,0.7525,20.11
3.3e-05,0.09,0,0.85,0.15,0,0.25,2.9,131.7,0.806,150,1.1,24.78,0.7683,21.01
3.3e-05,0.06,0,0,1,0,0.142857142857143,2.9,131.7,0.806,100,0.98,20.62,0.65,13.1
0.000992,0.1,0,0,1,0,0.428571428571429,2.9,131.7,0.806,80,1.039,22.83,0.71,16.91
0.000992,0.1,0,0,1,0,0.428571428571429,2.9,131.7,0.806,80,1.083,22.39,0.75,18.36
0.000992,0.1,0,0,1,0,0.428571428571429,2.9,131.7,0.806,80,1.086,22.78,0.77,19.14
3.3e-05,0.1,0,0.85,0.15,0.15,0.25,2.7,110.6,0.56,100,1.105,21.29,0.706,16.63
3.3e-05,0.1,0,0.85,0.15,0.15,0.25,2.7,110.6,0.56,100,1.065,22.86,0.711,17.3
3.3e-05,0.1,0,0.85,0.15,0.15,0.25,2.7,110.6,0.56,100,1.067,22.85,0.696,16.96
3.3e-05,0.1,0,0.85,0.15,0.15,0.25,2.7,110.6,0.56,100,1.052,23.94,0.69,17.39
3.3e-05,0.1,0,0.85,0.15,0.15,0.25,2.7,110.6,0.56,100,1.091,22.99,0.694,17.42
3.3e-05,0.1,0,0.85,0.15,0.15,0.25,2.7,110.6,0.56,100,1.101,21.84,0.703,16.9
3.3e-05,0.1,0,0.85,0.15,0.15,0.25,2.7,110.6,0.56,100,1.065,22.51,0.69,16.55
3.3e-05,0.1,0,0.85,0.15,0.15,0.25,2.7,110.6,0.56,100,1.097,21.32,0.752,17.6
3.3e-05,0.1,0,0.85,0.15,0.15,0.25,2.7,110.6,0.56,100,1.062,22.26,0.733,17.33
3.3e-05,0.1,0,0.85,0.15,0.15,0.25,2.7,110.6,0.56,100,1.11,21.89,0.717,17.41
3.3e-05,0.1,0,0.85,0.15,0.15,0.25,2.7,110.6,0.56,100,1.104,21.61,0.712,16.98
3.3e-05,0.1,0,0.85,0.15,0.15,0.25,2.7,110.6,0.56,100,1.107,21.08,0.705,16.46
3.3e-05,0.1,0,0.85,0.15,0.15,0.25,2.7,110.6,0.56,100,1.113,20.73,0.73,16.85
3.3e-05,0.1,0,0.85,0.15,0.15,0.25,2.7,110.6,0.56,100,1.104,21.44,0.71,16.81
3.3e-05,0.1,0,0.85,0.15,0.15,0.25,2.7,110.6,0.56,100,1.097,22.89,0.682999999999999,17.16
3.3e-05,0.1,0,0.85,0.15,0.15,0.25,2.7,110.6,0.56,100,1.12,22.17,0.708,17.58
3.3e-05,0.1,0,0.85,0.15,0.15,0.25,2.7,110.6,0.56,100,1.12,21.58,0.708,17.12
3.3e-05,0.1,0,0.85,0.15,0.15,0.25,2.7,110.6,0.56,100,1.059,22.9,0.693,16.81
3.3e-05,0.1,0,0.85,0.15,0.15,0.25,2.7,110.6,0.56,100,1.10799999999999,20.21,0.708,15.85
3.3e-05,0.1,0,0.85,0.15,0.15,0.25,2.7,110.6,0.56,100,1.081,22.65,0.682999999999999,16.72
3.3e-05,0.1,0,0.85,0.15,0.15,0.25,2.7,110.6,0.56,100,1.092,22.05,0.707,16.99
3.3e-05,0.9,0,0,1,0,0.111111111111111,0.9,34.6,4.21,100,1.09,21.69,0.615,14.54
3.3e-05,0.1,0.05,0.79,0.16,0.17,0.25,2.9,131.7,0.806,110,1.19,23.43,0.7105,19.81
3.3e-05,0.1,0.05,0.79,0.16,0.17,0.25,2.9,131.7,0.806,110,1.2,23.68,0.7257,20.62
3.3e-05,0.1,0.05,0.79,0.16,0.17,0.25,2.9,131.7,0.806,110,1.2,23.45,0.7034,19.79
3.3e-05,0.1,0.05,0.79,0.16,0.17,0.25,2.9,131.7,0.806,110,1.21,23.18,0.6858,19.23
3.3e-05,0.1,0.05,0.79,0.16,0.17,0.25,2.9,131.7,0.806,110,1.16,22.93,0.702,18.67
0.000992,0.2,0.05,0.79,0.16,0.16,0.25,2.9,131.7,0.806,100,1.04,21.7,0.74,16.7
0.000992,0.2,0.05,0.79,0.16,0.16,0.25,2.9,131.7,0.806,100,1.06,22,0.77,18
0.000992,0.2,0.05,0.79,0.16,0.16,0.25,2.9,131.7,0.806,100,1.08,23.5,0.77,19.6
0.000992,0.2,0.05,0.79,0.16,0.16,0.25,2.9,131.7,0.806,100,1.08,22.9,0.74,18.3
0.000992,0.2,0.05,0.79,0.16,0.16,0.25,2.9,131.7,0.806,100,1.06,21.9,0.76,17.6
0.000992,0.2,0.05,0.79,0.16,0.16,0.25,2.9,131.7,0.806,100,1.06,22.1,0.74,17.3
0.000992,0.1,0.05,0.8075,0.1425,0.15,0.25,0.7,77.1,0.423,120,1.11,21.98,0.78,19.04
0.000992,0.1,0.05,0.8075,0.1425,0.15,0.25,0.7,77.1,0.423,120,1.09,21.65,0.76,18.5
0.000992,0.06,0.05,0.8075,0.1425,0.15,0.25,2.9,131.7,0.806,100,1.03,22.9,0.75,17.7
0.000992,0.06,0.05,0.8075,0.1425,0.15,0.25,2.9,131.7,0.806,100,1.04,23.7,0.77,19
0.000992,0.06,0.05,0.8075,0.1425,0.15,0.25,2.9,131.7,0.806,100,1.05,24.2,0.79,20.1
0.000992,0.06,0.05,0.8075,0.1425,0.15,0.25,2.9,131.7,0.806,100,1.02,23.8,0.78,18.9
0.000992,0.06,0.05,0.8075,0.1425,0.15,0.25,2.9,131.7,0.806,100,0.99,23.4,0.73,16.9
0.000992,0.06,0.05,0.8075,0.1425,0.15,0.25,2.9,131.7,0.806,100,1.03,23.3,0.77,18.5
0.000992,0.06,0.05,0.8075,0.1425,0.15,0.25,2.9,131.7,0.806,100,1.05,24.4,0.8,20.5
0.000992,0.09,0,0.83,0.17,0.1,0.25,2.9,131.7,0.806,150,1.12,24.62,0.77,21.27
0.000992,0.09,0,0.83,0.17,0.1,0.25,2.9,131.7,0.806,150,1.14,24.98,0.77,22.09
0.000992,0.045,0,0.3,0.7,0,0.428571428571429,0.7,77.1,0.423,100,1.02,23.28,0.735,17.44
0.000992,0.045,0,0.3,0.7,0,0.428571428571429,0.7,77.1,0.423,100,1.03,22.88,0.701,16.52
0.000992,0.045,0,0.3,0.7,0,0.428571428571429,0.7,77.1,0.423,100,1.06,23.2,0.728,17.95
0.000992,0.045,0,0.3,0.7,0,0.428571428571429,0.7,77.1,0.423,100,1.04,22.96,0.719,17.27
0.000992,0.045,0,0.3,0.7,0,0.428571428571429,0.7,77.1,0.423,100,1.07,23.74,0.773,19.64
0.000992,0.045,0,0.3,0.7,0,0.428571428571429,0.7,77.1,0.423,100,1.06,23.32,0.758,18.79
3.3e-05,0.125,0,0,1,0,0.111111111111111,0.9,34.6,0.2448,100,1.09,23.1,0.773,19.5
3.3e-05,0.125,0,0,1,0,0.111111111111111,0.9,34.6,0.2448,100,1.051,22.1,0.75,17.4
0.000992,0.16,0,0.83,0.17,0.17,0.25,2.9,131.7,0.806,100,1.16,21.7,0.72,19.1
0.000992,0.16,0,0.83,0.17,0.17,0.25,2.9,131.7,0.806,100,1.14,22.7,0.71,19.5
0.000992,0.16,0.05,0.79,0.16,0.17,0.25,2.9,131.7,0.806,100,1.175,22,0.703,18.7
0.000992,0.16,0.05,0.79,0.16,0.17,0.25,2.9,131.7,0.806,100,1.176,22.7,0.725,19.3
0.000992,0.16,0.05,0.79,0.16,0.17,0.25,2.9,131.7,0.806,100,1.133,21.1,0.633,15.1
0.000992,0.16,0.05,0.79,0.16,0.17,0.25,2.9,131.7,0.806,100,1.11599999999999,21.9,0.655,16.7
0.000992,0.16,0.05,0.79,0.16,0.17,0.25,2.9,131.7,0.806,100,1.169,21.4,0.769,19.3
3.3e-05,0.16,0.05,0.85,0.1,0.13,4,2.9,131.7,0.806,100,1.079,23.5,0.69,17.4
3.3e-05,0.16,0.05,0.85,0.1,0.13,4,2.9,131.7,0.806,100,1.034,23,0.59,14.1
3.3e-05,0.16,0.05,0.85,0.1,0.13,4,2.9,131.7,0.806,100,1.07,22.3,0.72,17.4
3.3e-05,0.09,0.05,0.79,0.16,0.17,0.25,2.9,131.7,0.806,100,1.06,20.48,0.687,14.9
3.3e-05,0.1,0,0,1,0,0.428571428571429,2.9,131.7,0.806,100,1.06,22.42,0.75,17.82
0.000992,0.16,0,0.85,0.15,0.15,0.25,0.3,82.3,2.038,120,1.049,20.82,0.685,14.95
0.000992,0.16,0,0.85,0.15,0.15,0.25,2.9,131.7,0.806,120,1.03,19.72,0.639,12.99
0.000992,0.16,0,0.85,0.15,0.15,0.25,0.7,77.1,0.423,120,1.011,21.15,0.695,14.86
0.000992,0.16,0,0.85,0.15,0.15,0.25,0.7,77.1,0.423,120,1.027,22.33,0.728,16.69
3.3e-05,0.09,0,0,1,0,0.13,0.9,34.6,0.2448,100,1.059,21.96,0.64,14.88
3.3e-05,0.09,0,0,1,0,0.13,0.9,34.6,0.2448,100,1.071,22.72,0.75,18.25
3.3e-05,0.1,0,0,1,0,0.111111111111111,2.9,131.7,0.806,100,1.085,22.33,0.7743,18.76
3.3e-05,0.1,0,0,1,0,0.111111111111111,2.9,131.7,0.806,100,1.006,21.55,0.708,15.34
3.3e-05,0.09,0,0.85,0.15,0.166,0.25,2.9,131.7,0.806,100,1.14,21.08,0.745,17.91
0.000992,0.16,0.05,0.79,0.16,0.1,0.25,2.9,131.7,0.806,100,1.14,22,0.77,19.3
0.000992,0.16,0.05,0.79,0.16,0.1,0.25,2.9,131.7,0.806,100,1.12,20.4,0.71,17
0.000992,0.16,0.05,0.79,0.16,0.1,0.25,2.9,131.7,0.806,100,1.14,21.7,0.685,18
0.000992,0.16,0.05,0.79,0.16,0.1,0.25,2.9,131.7,0.806,100,1.125,21.8,0.67,16.9
3.3e-05,0.1,0,0,1,0,0.111111111111111,0.9,34.6,0.2448,100,0.98,19.92,0.685,13.4
3.3e-05,0.07,0.05,0.79,0.16,0.17,0.25,2.9,131.7,0.806,100,1.04,21.8,0.73,16.6
3.3e-05,0.07,0.05,0.79,0.16,0.17,0.25,2.9,131.7,0.806,100,1.06,23.07,0.7553,18.95
3.3e-05,0.1,0,0,1,0,0.428571428571429,2.9,131.7,0.806,100,1.05,23.2,0.71,17.4
3.3e-05,0.1,0,0,1,0,0.428571428571429,2.9,131.7,0.806,100,1.06,24,0.71,18
3.3e-05,0.1,0,0,1,0,0.428571428571429,2.9,131.7,0.806,100,1.06,21.3,0.72,16.3
3.3e-05,0.1,0,0,1,0,0.428571428571429,2.9,131.7,0.806,100,1,22.3,0.7,15.7
0.000992,0.1,0.05,0.79,0.16,0.17,0.25,0.7,77.1,0.423,120,1.12,21.58,0.74,17.87
0.000992,0.1,0.05,0.79,0.16,0.17,0.25,0.7,77.1,0.423,120,1.08,20.98,0.72,16.33
0.000992,0.16,0.05,0.7885,0.1615,0.17,0.25,2.9,131.7,0.806,100,1.14,21.9,0.75,18.9
3.3e-05,0.09,0,0.85,0.15,0.15,0.25,2.9,131.7,0.806,100,1.06,22.87,0.68,16.6
0.000992,0.16,0,0.83,0.17,0.17,0.25,2.9,131.7,0.806,100,1.127,21.21,0.708,17.42
0.000992,0.16,0.05,0.79,0.16,0.17,0.25,2.9,131.7,0.806,100,1.143,21.9,0.718,18.57
0.000992,0.16,0.05,0.79,0.16,0.17,0.25,2.9,131.7,0.806,100,1.16,21.69,0.728,18.11
0.000992,0.16,0,0.83,0.17,0.17,0.25,2.9,131.7,0.806,100,1.143,21.98,0.677999999999999,18.03
0.000992,0.16,0,0.83,0.17,0.17,0.25,2.9,131.7,0.806,100,1.139,21.8,0.699,18.08
0.000992,0.16,0,0.83,0.17,0.17,0.25,2.9,131.7,0.806,100,1.15,21.01,0.71,18.17
3.3e-05,0.052,0,0,1,0,0.0888888888888889,0.9,34.6,0.2448,100,1,22.6,0.736,16.68
3.3e-05,0.052,0,0,1,0,0.111111111111111,0.9,34.6,0.2448,100,1.03,23.14,0.749,17.93
3.3e-05,0.052,0,0,1,0,0.133333333333333,0.9,34.6,0.2448,100,1.064,23.96,0.763,19.13
3.3e-05,0.052,0,0,1,0,0.155555555555556,0.9,34.6,0.2448,100,0.987,23.11,0.7,15.99
0.000992,0.1,0.05,0.8075,0.1425,0.15,0.428571428571429,2.1,153.7,1.52,150,1.14,21.5,0.79,19.4
0.000992,0.14,0.05,0.8075,0.1425,0.15,0.428571428571429,2.1,153.7,1.52,150,1.067,21.27,0.765999999999999,17.38
0.000992,0.14,0.05,0.8075,0.1425,0.15,0.428571428571429,2.1,153.7,1.52,150,1.071,21.13,0.799,18.24
0.000992,0.25,0.05,0.8075,0.1425,0.15,0.428571428571429,2.1,153.7,1.52,150,1.072,21.16,0.760999999999999,17.27
0.000992,0.25,0.05,0.8075,0.1425,0.15,0.428571428571429,2.1,153.7,1.52,150,1.077,21.22,0.792999999999999,18.13
0.000992,0.5,0.05,0.8075,0.1425,0.15,0.428571428571429,2.1,153.7,1.52,150,1.095,21.25,0.714,16.53
0.000992,0.5,0.05,0.8075,0.1425,0.15,0.428571428571429,2.1,153.7,1.52,150,1.093,21.22,0.764,17.71
0.000992,0.102,0,0.85,0.15,0.15,0.25,2.9,131.7,0.806,130,1.09,22.7,0.749,17.95
0.000992,0.102,0,0.85,0.15,0.15,0.25,2.9,131.7,0.806,130,1.1,23.19,0.7693,19.45
0.000992,0.102,0,0.85,0.15,0.15,0.25,2.9,131.7,0.806,130,1.06,22.04,0.7382,17.21
3.3e-05,0.06,0.05,0.81,0.14,0.15,0.25,2.9,131.7,0.806,100,1.04,23.85,0.68,16.91
3.3e-05,0.06,0.05,0.81,0.14,0.15,0.25,2.9,131.7,0.806,100,1.04,23.28,0.68,16.68
0.000992,0.1,0.05,0.79,0.16,0.17,0.25,2.7,110.6,0.56,150,1.17,21.1,0.744,18.3
3.3e-05,0.1,0.05,0.79,0.16,0.17,0.25,2.7,110.6,0.56,150,1.16,18.8,0.65,14.4
3.3e-05,0.37,0.05,0.79,0.16,0.17,0.25,2.9,131.7,0.806,100,1.01,22.26,0.76,18.58
3.3e-05,0.37,0.05,0.79,0.16,0.17,0.25,2.9,131.7,0.806,100,1.142,22.99,0.76,20.02
3.3e-05,0.37,0.05,0.79,0.16,0.17,0.25,2.9,131.7,0.806,100,1.11599999999999,22.48,0.77,19.23
3.3e-05,0.37,0.05,0.79,0.16,0.17,0.25,2.9,131.7,0.806,100,1.103,22.41,0.75,18.48
3.3e-05,0.37,0.05,0.79,0.16,0.17,0.25,2.9,131.7,0.806,100,1.142,23.38,0.75,20.07
3.3e-05,0.37,0.05,0.79,0.16,0.17,0.25,2.9,131.7,0.806,100,1.104,22.39,0.75,18.79
3.3e-05,0.37,0.05,0.79,0.16,0.17,0.25,2.9,131.7,0.806,100,1.12,22.78,0.77,19.43
3.3e-05,0.37,0.05,0.79,0.16,0.17,0.25,2.9,131.7,0.806,100,1.16,23.12,0.77,20.07
3.3e-05,0.16,0,0.83,0.17,0.17,0.25,2.9,131.7,0.806,100,1.15,21.7,0.75,18.71
3.3e-05,0.16,0.05,0.79,0.16,0.17,0.25,2.9,131.7,0.806,100,1.12,22.7,0.78,19.83
3.3e-05,0.049,0.05,0.81,0.14,0.15,0.25,2.9,131.7,0.806,100,1.14,21,0.716,17.2
3.3e-05,0.049,0.05,0.81,0.14,0.15,0.25,2.9,131.7,0.806,100,1.151,22.1,0.765,19.5
3.3e-05,0.049,0.05,0.81,0.14,0.15,0.25,2.9,131.7,0.806,100,1.144,22.2,0.784,19.9
3.3e-05,0.049,0.05,0.81,0.14,0.15,0.25,2.9,131.7,0.806,100,1.145,22.1,0.784,19.8
3.3e-05,0.049,0.05,0.81,0.14,0.15,0.25,2.9,131.7,0.806,100,1.129,21.6,0.76,18.5
3.3e-05,0.049,0.05,0.81,0.14,0.15,0.25,2.9,131.7,0.806,100,1.151,23,0.789,20.9
3.3e-05,0.049,0.05,0.81,0.14,0.15,0.25,2.9,131.7,0.806,100,1.062,21.7,0.694,16.4
3.3e-05,0.049,0.05,0.81,0.14,0.15,0.25,2.9,131.7,0.806,100,1.115,21.7,0.748,18.1
3.3e-05,0.049,0.05,0.81,0.14,0.15,0.25,2.9,131.7,0.806,100,1.17,21.7,0.794,20.1
3.3e-05,0.07,0,0,1,0,0,0.9,34.6,0.2448,100,1.084,22.11,0.58,13.92
3.3e-05,0.16,0,0,1,0,0.25,2.9,131.7,0.806,100,1.17,22.98,0.768,20.65
3.3e-05,0.16,0,0,1,0,0.25,2.9,131.7,0.806,100,1.082,22.34,0.748,18.08
0.000992,0.06,0.05,0.79,0.16,0.17,0.25,2.9,131.7,0.806,100,1.12,23.05,0.77,19.88
3.3e-05,0.049,0.05,0.81,0.14,0.15,0.25,2.9,131.7,0.806,100,1.11,22,0.782999999999999,19.1
3.3e-05,0.049,0.05,0.81,0.14,0.15,0.25,2.9,131.7,0.806,100,1.16,23,0.787999999999999,21
3.3e-05,0.049,0.05,0.81,0.14,0.15,0.25,2.9,131.7,0.806,100,1.11,22,0.774,18.9
3.3e-05,0.049,0.05,0.81,0.14,0.15,0.25,2.9,131.7,0.806,100,1.1,22.4,0.750999999999999,18.6
3.3e-05,0.049,0.05,0.81,0.14,0.15,0.25,2.9,131.7,0.806,100,1.11,21.8,0.765999999999999,18.6
3.3e-05,0.1,0.05,0.79,0.16,0.17,0.25,2.9,131.7,0.806,100,1.08,19.27,0.736,15.31
3.3e-05,0.09,0,0.85,0.15,0,2.33333333333333,2.9,131.7,0.806,150,1.05,24.44,0.714,18.32
3.3e-05,0.09,0,0.85,0.15,0,2.33333333333333,2.9,131.7,0.806,150,1.06,24.84,0.727,19.16
3.3e-05,0.09,0,0.85,0.15,0,2.33333333333333,2.9,131.7,0.806,150,1.07,24.78,0.746,19.84
3.3e-05,0.09,0,0.85,0.15,0,2.33333333333333,2.9,131.7,0.806,150,1.05,24.75,0.729,19.03
3.3e-05,0.09,0,0.85,0.15,0,2.33333333333333,2.9,131.7,0.806,150,1.04,24.82,0.734,18.93
0.000992,0.1,0.05,0.79,0.16,0.17,0.25,2.9,131.7,0.806,100,1.1,23.2,0.74,18.83
0.000992,0.1,0.05,0.79,0.16,0.17,0.25,2.9,131.7,0.806,100,1.12,22.95,0.75,19.43
0.000992,0.1,0.05,0.79,0.16,0.17,0.25,2.9,131.7,0.806,100,1.14,23.76,0.76,20.62
3.3e-05,0.1,0,0.83,0.17,0.17,0.25,2.9,131.7,0.806,100,0.99,22.85,0.67,15.03
3.3e-05,0.1,0,0,1,0,0.25,2.9,131.7,0.806,110,1.058,21.84,0.717,16.53
3.3e-05,0.1,0,0,1,0,0.25,2.9,131.7,0.806,110,1.112,22.32,0.7861,19.51
0.000992,0.059,0.05,0.79,0.16,0.17,0.25,2.9,131.7,0.806,100,1.09,22.08,0.743,17.88
0.000992,0.1,0,0.85,0.15,0.15,0.25,2.9,131.7,0.806,100,1.15,22.54,0.74,19.18
0.000992,0.1,0,0.85,0.15,0.15,0.25,2.9,131.7,0.806,100,1.14,21.67,0.72,17.78
3.3e-05,0.1,0,0.85,0.15,0.15,0.25,2.9,131.7,0.806,100,1.08,20.86,0.72,16.22
3.3e-05,0.1,0,0.85,0.15,0.15,0.25,2.9,131.7,0.806,100,1.09,20.92,0.65,14.95
3.3e-05,0.13,0,0,1,0,0.0909090909090909,2.9,131.7,0.806,100,1.09,21.5,0.787,17.4
3.3e-05,0.13,0,0,1,0,0.0909090909090909,2.9,131.7,0.806,100,1.11,21.6,0.77,18.4
0.000992,0.1,0,0,1,0,0.428571428571429,2.9,131.7,0.806,100,1.08,21.3,0.619,14.26
0.000992,0.1,0,0,1,0,0.428571428571429,2.9,131.7,0.806,100,1.03,22.65,0.672999999999999,15.74
0.000992,0.1,0,0,1,0,0.428571428571429,2.9,131.7,0.806,100,1.08,22.23,0.749,17.92
0.000992,0.1,0,0,1,0,0.428571428571429,2.9,131.7,0.806,100,1.09,22.85,0.792,19.7
0.000992,0.1,0,0,1,0,0.428571428571429,2.9,131.7,0.806,100,1.1,22.98,0.813,20.52
0.000992,0.1,0,0.85,0.15,0.15,0.25,2.3,61.1,5.63,100,1.03,20.02,0.62,13.13
0.000992,0.1,0,0.85,0.15,0.15,0.25,2.3,61.1,5.63,100,1.06,21.15,0.64,15.01
0.000992,0.1,0,0.85,0.15,0.15,0.25,2.3,61.1,5.63,100,1.1,21.54,0.65,15.63
0.000992,0.1,0,0.85,0.15,0.15,0.25,2.3,61.1,5.63,100,1.12,21.81,0.66,16.85
3.3e-05,0.09,0.15,0.85,0,0.1,0.25,2.1,153.7,1.52,100,1.109,22.93,0.7647,19.35
3.3e-05,0.09,0.15,0.85,0,0.1,0.25,2.1,153.7,1.52,100,1.146,23.06,0.797999999999999,21.07
3.3e-05,0.1,0.05,0.79,0.16,0.17,0.25,2.9,131.7,0.806,100,1.03,16.33,0.61,10.27
3.3e-05,0.1,0.05,0.79,0.16,0.17,0.25,2.9,131.7,0.806,100,1,18.49,0.65,12.19
3.3e-05,0.1,0.05,0.79,0.16,0.17,0.25,2.9,131.7,0.806,100,1.06,18.91,0.66,13.19
3.3e-05,0.1,0,0,1,0,0.428571428571429,2.9,131.7,0.806,65,1.1,22.6,0.782,19.4
3.3e-05,0.04,0,0,1,0,0.111111111111111,0.9,34.6,0.2448,100,0.98,18.47,0.692,12.35
3.3e-05,0.04,0,0,1,0,0.111111111111111,0.9,34.6,0.2448,100,0.98,21.95,0.7051,15.17
3.3e-05,0.04,0,0,1,0,0.111111111111111,0.9,34.6,0.2448,100,1.01,23.36,0.7311,17.25
3.3e-05,0.04,0,0,1,0,0.111111111111111,0.9,34.6,0.2448,100,0.99,22.52,0.7141,15.92
3.3e-05,0.04,0,0,1,0,0.111111111111111,0.9,34.6,0.2448,100,1,21.62,0.6744,15.26
3.3e-05,0.1,0.05,0.79,0.16,0.17,0.25,2.9,131.7,0.806,150,1.07,21.8,0.73,17.8
3.3e-05,0.1,0.05,0.79,0.16,0.17,0.25,2.9,131.7,0.806,150,1.12,22.5,0.74,18.9
3.3e-05,0.1,0.05,0.79,0.16,0.17,0.25,2.9,131.7,0.806,150,1.12,22.8,0.76,19.2
3.3e-05,0.1,0.05,0.79,0.16,0.17,0.25,2.9,131.7,0.806,150,1.12,23.61,0.78,20.53
0.000992,0.1,0.05,0.79,0.16,0.17,0.25,2.9,131.7,0.806,85,1.1,23.15,0.794,20.24
0.000992,0.1,0.05,0.79,0.16,0.17,0.25,2.9,131.7,0.806,85,1.08,22.23,0.7,16.86
0.000992,0.1,0.05,0.79,0.16,0.17,0.25,2.9,131.7,0.806,85,1.11,22.67,0.775,19.42
0.000992,0.1,0.05,0.79,0.16,0.17,0.25,2.9,131.7,0.806,85,1.06,21.58,0.660999999999999,15.23
0.000992,0.1,0.05,0.79,0.16,0.17,0.25,2.9,131.7,0.806,85,1.1,21.22,0.633,14.74
0.000992,0.1,0.05,0.79,0.16,0.17,0.25,2.9,131.7,0.806,85,1.09,22.09,0.650999999999999,15.49
0.000992,0.1,0.05,0.79,0.16,0.17,0.25,2.9,131.7,0.806,85,1.1,22.63,0.77,19.19
0.000992,0.16,0.05,0.79,0.16,0.17,0.25,2.9,131.7,0.806,100,1.17,21.9,0.714,18.3
0.000992,0.16,0.05,0.79,0.16,0.17,0.25,2.9,131.7,0.806,100,1.17,21.95,0.72,19.17
0.000992,0.16,0.05,0.79,0.16,0.17,0.25,2.9,131.7,0.806,100,1.14,21.72,0.76,19.21
0.000992,0.16,0.05,0.79,0.16,0.17,0.25,2.9,131.7,0.806,100,1.18,22.37,0.77,20.46
0.000992,0.16,0.05,0.79,0.16,0.17,0.25,2.9,131.7,0.806,100,1.17,21.95,0.72,19.17
0.000992,0.16,0.05,0.79,0.16,0.17,0.25,2.9,131.7,0.806,100,1.13,22.7,0.74,19.66
0.000992,0.16,0.05,0.79,0.16,0.17,0.25,2.9,131.7,0.806,100,1.12,22.12,0.77,19.94
0.000992,0.16,0.05,0.79,0.16,0.17,0.25,2.9,131.7,0.806,100,1.18,22.03,0.76,20.44
0.000992,0.16,0.05,0.79,0.16,0.17,0.25,2.9,131.7,0.806,100,1.17,22.59,0.75,20.73
0.000992,0.1,0.05,0.81,0.14,0.15,0.25,2.9,131.7,0.806,110,1.103,22.45,0.725,17.94
0.000992,0.1,0.05,0.81,0.14,0.15,0.25,2.9,131.7,0.806,110,1.147,23.29,0.758,20.23
0.000992,0.1,0.05,0.81,0.14,0.15,0.25,2.9,131.7,0.806,110,1.112,23.13,0.742,19.08
0.000992,0.1,0.05,0.81,0.14,0.15,0.25,2.9,131.7,0.806,110,1.144,22.59,0.735,19
3.3e-05,0.1,0.05,0.79,0.16,0.17,0.25,2.9,131.7,0.806,100,1.08,22.02,0.72,17.12
3.3e-05,0.1,0.05,0.79,0.16,0.17,0.25,2.9,131.7,0.806,100,1.09,22.1,0.73,17.63
3.3e-05,0.1,0.05,0.79,0.16,0.17,0.25,2.9,131.7,0.806,100,1.1,22.12,0.74,18.16
3.3e-05,0.1,0.05,0.79,0.16,0.17,0.25,2.9,131.7,0.806,100,1.12,22.72,0.76,19.43
3.3e-05,0.1,0.05,0.79,0.16,0.17,0.25,2.9,131.7,0.806,100,1.11,22.55,0.74,18.73
3.3e-05,0.1,0.05,0.79,0.16,0.17,0.25,2.9,131.7,0.806,100,1.1,20.89,0.73,17.05
3.3e-05,0.1,0.05,0.79,0.16,0.17,0.25,2.9,131.7,0.806,100,1.11,22.5,0.748,18.76
3.3e-05,0.1,0.05,0.79,0.16,0.17,0.25,2.9,131.7,0.806,100,1.08,21.48,0.712,16.67
0.000992,0.1,0,0.85,0.15,0.15,0.25,2.9,131.7,0.806,100,1.07,22.21,0.736,17.49
0.000992,0.1,0.05,0.79,0.16,0.17,0.25,0.9,34.6,0.2448,100,1.09,22.68,0.745,18.43
0.000992,0.1,0.05,0.79,0.16,0.17,0.25,0.9,34.6,0.2448,100,1.1,22.54,0.645999999999999,18.5
0.000992,0.1,0.05,0.79,0.16,0.17,0.25,0.9,34.6,0.2448,100,1.11,22.72,0.750999999999999,18.95
0.000992,0.1,0.05,0.79,0.16,0.17,0.25,0.9,34.6,0.2448,100,1.11,22.72,0.750999999999999,18.95
0.000992,0.1,0.05,0.79,0.16,0.17,0.25,0.9,34.6,0.2448,100,1.113,22.82,0.750999999999999,19.08
0.000992,0.1,0.05,0.79,0.16,0.17,0.25,0.9,34.6,0.2448,100,1.115,23.39,0.773,20.16
0.000992,0.1,0.05,0.79,0.16,0.17,0.25,0.9,34.6,0.2448,100,1.11599999999999,24.74,0.72,19.87
0.000992,0.1,0.05,0.79,0.16,0.17,0.25,0.9,34.6,0.2448,100,1.11599999999999,24.74,0.72,19.87
0.000992,0.1,0.05,0.79,0.16,0.17,0.25,0.9,34.6,0.2448,100,1.11,21.8,0.76,18.38
0.000992,0.18,0.05,0.79,0.16,0.15,0.25,2.9,131.7,0.806,100,1.1,22.1,0.78,19
0.000992,0.18,0.05,0.79,0.16,0.15,0.25,2.9,131.7,0.806,100,1.13,22.6,0.78,20
0.000992,0.18,0.05,0.79,0.16,0.15,0.25,2.9,131.7,0.806,100,1.13,23.1,0.81,21.1
0.000992,0.18,0.05,0.79,0.16,0.15,0.25,2.9,131.7,0.806,100,1.15,22.6,0.78,20.2
3.3e-05,0.09,0.06,0.79,0.15,0.15,0.25,2.1,153.7,1.52,110,1.12,22.4,0.805999999999999,20.22
3.3e-05,0.09,0.06,0.79,0.15,0.15,0.25,2.1,153.7,1.52,110,1.14,22.35,0.825,21.02
3.3e-05,0.09,0.06,0.79,0.15,0.15,0.25,2.1,153.7,1.52,110,1.13,22.1,0.802999999999999,20.06
0.000992,0.1,0,0,1,0,2.33333333333333,2.9,131.7,0.806,100,0.99,21.72,0.736,15.8
0.000992,0.1,0,0,1,0,2.33333333333333,2.9,131.7,0.806,100,1.03,21.78,0.742,16.67
0.000992,0.1,0,0,1,0,2.33333333333333,2.9,131.7,0.806,100,1.06,21.6,0.746,17.01
0.000992,0.1,0,0,1,0,2.33333333333333,2.9,131.7,0.806,100,1.04,21.63,0.728,16.45
0.000992,0.1,0,0,1,0,2.33333333333333,2.9,131.7,0.806,100,1.08,22.78,0.754,18.2
0.000992,0.1,0,0.85,0.15,0.15,0.5,2.9,131.7,0.806,140,1.13,22.4,0.734,18.67
0.000992,0.1,0,0.85,0.15,0.15,0.5,2.9,131.7,0.806,140,1.15,22.95,0.76,20.03
0.000992,0.1,0,0,1,0,0.111111111111111,0.9,34.6,0.2448,100,1.083,23.01,0.73,18.2
0.000992,0.1,0,0,1,0,0.111111111111111,0.9,34.6,0.2448,100,1.102,23.41,0.7613,19.66
0.000992,0.1,0,0,1,0,0.111111111111111,0.9,34.6,0.2448,100,1.112,23.57,0.7688,20.17
0.000992,0.1,0,0,1,0,0.111111111111111,0.9,34.6,0.2448,100,1.112,23.29,0.7369,19.21
0.000992,0.1,0,0,1,0,0.111111111111111,0.9,34.6,0.2448,100,1.092,23.1,0.7478,18.88
3.3e-05,0.07,0.05,0.79,0.16,0.17,0.25,2.1,153.7,1.52,110,1.14,21.71,0.752,18.65
3.3e-05,0.07,0.05,0.79,0.16,0.17,0.25,2.1,153.7,1.52,110,1.15,22.42,0.767,19.7
0.000992,0.1,0.05,0.79,0.16,0.17,0.25,2.9,131.7,0.806,105,1.10799999999999,21.84,0.73,18.12
3.3e-05,0.1,0,0,1,0,0.25,2.9,131.7,0.806,100,1.05,22.77,0.712,17.11
3.3e-05,0.1,0,0,1,0,0.25,2.9,131.7,0.806,100,1.07,22.87,0.749,18.35
3.3e-05,0.1,0,0,1,0,0.25,2.9,131.7,0.806,100,1.1,22.89,0.770999999999999,19.41
3.3e-05,0.1,0,0,1,0,0.25,2.9,131.7,0.806,100,1.06,22.44,0.738,17.55
0.000992,0.04,0,0,1,0,0.25,2.9,131.7,0.806,100,1.05,22.83,0.72,17.23
0.000992,0.04,0,0,1,0,0.25,2.9,131.7,0.806,100,1.05,22.99,0.73,17.56
0.000992,0.04,0,0,1,0,0.25,2.9,131.7,0.806,100,1.06,23.14,0.75,18.34
0.000992,0.04,0,0,1,0,0.25,2.9,131.7,0.806,100,1.04,23.2,0.71,17.22
0.000992,0.04,0,0,1,0,0.25,2.9,131.7,0.806,100,1.02,23.56,0.68,16.34
3.3e-05,0.1,0,0,1,0,2.33333333333333,2.9,131.7,0.806,100,1.09,21.1,0.72,16.56
3.3e-05,0.1,0,1,0,0,2.33333333333333,2.9,131.7,0.806,150,1.05,22.7,0.63,15.02
3.3e-05,0.1,0,0,1,0,2.33333333333333,2.9,131.7,0.806,100,1.09,21.1,0.72,16.56
3.3e-05,0.1,0,1,0,0,2.33333333333333,2.9,131.7,0.806,150,1.05,22.7,0.63,15.02
3.3e-05,0.03,0,0.85,0.15,0.15,0.25,2.9,131.7,0.806,150,1.16,20.2,0.71,16.6
3.3e-05,0.03,0,0.85,0.15,0.15,0.25,2.9,131.7,0.806,150,1.17,20.4,0.717,17.1
0.000992,0.1,0.05,0.8075,0.1425,0.15,0.25,2.9,131.7,0.806,100,1.124,23.29,0.7,18.23
0.000992,0.1,0.05,0.8075,0.1425,0.15,0.25,2.9,131.7,0.806,100,1.131,23.83,0.71,19.15
0.000992,0.1,0.05,0.8075,0.1425,0.15,0.25,2.9,131.7,0.806,100,1.173,23.9,0.74,20.73
3.3e-05,0.1,0,0.87,0.13,0.13,0.25,2.9,131.7,0.806,100,1.09,22.8,0.8,17.1
3.3e-05,0.1,0,0.87,0.13,0.13,0.25,2.9,131.7,0.806,100,1.15,23.5,0.75,20.4
3.3e-05,0.1,0.05,0.79,0.16,0.17,0.25,2.9,131.7,0.806,100,1.12,22.35,0.72,18.1
3.3e-05,0.1,0.05,0.79,0.16,0.17,0.25,2.9,131.7,0.806,100,1.14,22.45,0.75,19.46
0.000992,0.1,0,0.83,0.17,0.17,0.25,2.1,153.7,1.52,100,1.13,22.4,0.75,19.2
0.000992,0.1,0,0.83,0.17,0.17,0.25,2.1,153.7,1.52,100,1.16,22.7,0.79,20.8
3.3e-05,0.1,0,0,1,0,0.25,2.7,110.6,0.56,100,1.03,21.43,0.662999999999999,14.53
3.3e-05,0.1,0,0,1,0,0.25,2.7,110.6,0.56,100,1.04,23.27,0.7233,17.47
0.000992,0.1,0,0.3,0.7,0,0.25,0.7,77.1,0.423,100,1.09,22.31,0.763,18.55
0.000992,0.1,0,0.3,0.7,0,0.25,0.7,77.1,0.423,100,1.09,23.46,0.772,19.77
3.3e-05,0.1,0.091,0.758,0.152,0,0.25,2.9,131.7,0.806,100,1.04,22.23,0.72,16.5
0.000992,0.09,0,0.85,0.15,0.15,0.25,2.9,131.7,0.806,150,1.06,21.65,0.659,15.13
0.000992,0.09,0,0.85,0.15,0.15,0.25,2.9,131.7,0.806,150,1.08,22.36,0.727,17.57
0.000992,0.09,0,0.85,0.15,0.15,0.25,2.9,131.7,0.806,150,1.06,21.66,0.657,15.08
0.000992,0.09,0,0.85,0.15,0.15,0.25,2.9,131.7,0.806,150,1.08,21.51,0.63,14.63
0.000992,0.09,0,0.85,0.15,0.15,0.25,2.9,131.7,0.806,150,1.08,21.44,0.632,14.64
0.000992,0.09,0,0.85,0.15,0.15,0.25,2.9,131.7,0.806,150,1.08,21.01,0.633,14.37
0.000992,0.09,0,0.85,0.15,0.15,0.25,2.9,131.7,0.806,150,1.04,21.17,0.629,13.85
0.000992,0.09,0,0.85,0.15,0.15,0.25,2.9,131.7,0.806,150,1.08,21.41,0.649,15.01
0.000992,0.09,0,0.85,0.15,0.15,0.25,2.9,131.7,0.806,150,1.08,21.43,0.636,14.73
0.000992,0.09,0,0.85,0.15,0.15,0.25,2.9,131.7,0.806,150,1.08,21.37,0.621,14.34
0.000992,0.09,0,0.85,0.15,0.15,0.25,2.9,131.7,0.806,150,1.06,21.12,0.638,14.28
0.000992,0.09,0,0.85,0.15,0.15,0.25,2.9,131.7,0.806,150,1.08,21.82,0.64,15.09
0.000992,0.09,0,0.85,0.15,0.15,0.25,2.9,131.7,0.806,150,1.06,21.67,0.653,15.01
0.000992,0.09,0,0.85,0.15,0.15,0.25,2.9,131.7,0.806,150,1.04,21.41,0.652,14.52
0.000992,0.09,0,0.85,0.15,0.15,0.25,2.9,131.7,0.806,150,1.06,21.65,0.659,15.13
0.000992,0.09,0,0.85,0.15,0.15,0.25,2.9,131.7,0.806,150,1.06,21.59,0.637,14.59
0.000992,0.09,0,0.85,0.15,0.15,0.25,2.9,131.7,0.806,150,1.06,21.69,0.649,14.93
0.000992,0.09,0,0.85,0.15,0.15,0.25,2.9,131.7,0.806,150,1.06,21.45,0.621,14.12
0.000992,0.09,0,0.85,0.15,0.15,0.25,2.9,131.7,0.806,150,1.06,21.66,0.615,14.11
0.000992,0.09,0,0.85,0.15,0.15,0.25,2.9,131.7,0.806,150,1.04,21.68,0.603,13.6
0.000992,0.09,0,0.85,0.15,0.15,0.25,2.9,131.7,0.806,150,1.06,21.62,0.628,14.39
0.000992,0.09,0,0.85,0.15,0.15,0.25,2.9,131.7,0.806,150,1.06,21.54,0.62,14.16
0.000992,0.09,0,0.85,0.15,0.15,0.25,2.9,131.7,0.806,150,1.06,21.49,0.635,14.16
0.000992,0.09,0,0.85,0.15,0.15,0.25,2.9,131.7,0.806,150,1.1,22.06,0.678,16.44
0.000992,0.09,0,0.85,0.15,0.15,0.25,2.9,131.7,0.806,150,1.08,22.23,0.701,16.82
0.000992,0.09,0,0.85,0.15,0.15,0.25,2.9,131.7,0.806,150,1.08,22.32,0.708,17.07
0.000992,0.09,0,0.85,0.15,0.15,0.25,2.9,131.7,0.806,150,1.08,22.16,0.699,16.73
0.000992,0.09,0,0.85,0.15,0.15,0.25,2.9,131.7,0.806,150,1.08,22.06,0.703,16.76
0.000992,0.09,0,0.85,0.15,0.15,0.25,2.9,131.7,0.806,150,1.08,22.22,0.704,16.9
0.000992,0.09,0,0.85,0.15,0.15,0.25,2.9,131.7,0.806,150,1.06,22.32,0.72,17.04
0.000992,0.09,0,0.85,0.15,0.15,0.25,2.9,131.7,0.806,150,1.06,22.2,0.69,16.24
0.000992,0.09,0,0.85,0.15,0.15,0.25,2.9,131.7,0.806,150,1.08,22.08,0.693,16.53
0.000992,0.09,0,0.85,0.15,0.15,0.25,2.9,131.7,0.806,150,1.06,22.19,0.708,16.65
0.000992,0.09,0,0.85,0.15,0.15,0.25,2.9,131.7,0.806,150,1.06,22.22,0.711,16.75
0.000992,0.09,0,0.85,0.15,0.15,0.25,2.9,131.7,0.806,150,1.08,22.4,0.725,17.55
0.000992,0.09,0,0.85,0.15,0.15,0.25,2.9,131.7,0.806,150,1.08,22.36,0.727,17.57
0.000992,0.09,0,0.85,0.15,0.15,0.25,2.9,131.7,0.806,150,1.1,22.32,0.711,17.45
0.000992,0.09,0,0.85,0.15,0.15,0.25,2.9,131.7,0.806,150,1.1,22.16,0.714,17.16
0.000992,0.09,0,0.85,0.15,0.15,0.25,2.9,131.7,0.806,150,1.08,22.4,0.704,17.02
0.000992,0.09,0,0.85,0.15,0.15,0.25,2.9,131.7,0.806,150,1.08,22.43,0.709,17.18
0.000992,0.09,0,0.85,0.15,0.15,0.25,2.9,131.7,0.806,150,1.08,22.36,0.701,17.25
0.000992,0.09,0,0.85,0.15,0.15,0.25,2.9,131.7,0.806,150,1.1,22.3,0.698,17.1
0.000992,0.09,0,0.85,0.15,0.15,0.25,2.9,131.7,0.806,150,1.08,22.26,0.703,16.89
0.000992,0.09,0,0.85,0.15,0.15,0.25,2.9,131.7,0.806,150,1.08,22.25,0.703,16.96
3.3e-05,0.09,0,0,1,0,0.25,2.9,131.7,0.806,100,1,19.8,0.705,14
3.3e-05,0.09,0,0,1,0,0.666666666666667,2.9,131.7,0.806,100,1.01,19.5,0.755999999999999,14.9
3.3e-05,0.09,0,0,1,0,1.5,2.9,131.7,0.806,100,1.03,19.8,0.778,15.9
3.3e-05,0.09,0,0,1,0,4,2.9,131.7,0.806,100,1.03,19,0.787999999999999,15.5
3.3e-05,0.09,0,0,1,0,1.5,2.9,131.7,0.806,100,1.05,19.8,0.792999999999999,16.5
3.3e-05,0.09,0,0,1,0,10.9718309859155,0.9,34.6,0.2448,100,1.06,20.67,0.662999999999999,14.54
3.3e-05,0.09,0,0,1,0,10.9718309859155,0.9,34.6,0.2448,100,1.06,20.54,0.682999999999999,14.87
3.3e-05,0.09,0,0,1,0,10.9718309859155,0.9,34.6,0.2448,100,1.06,20.53,0.696,15.11
3.3e-05,0.09,0,0,1,0,10.9718309859155,0.9,34.6,0.2448,100,1.06,20.42,0.706,15.2
0.000992,0.1,0,0.85,0.15,0,0.13,2.9,131.7,0.806,130,1.08,22.26,0.772,18.6
0.000992,0.1,0,0.85,0.15,0,0.13,2.9,131.7,0.806,130,1.11,24.2,0.777,20.86
0.000992,0.0863,0.05,0.85,0.1,0.22,0.25,2.9,131.7,0.806,100,1.143,22.57,0.76,19.61
0.000992,0.0863,0.05,0.85,0.1,0.22,0.25,2.9,131.7,0.806,100,1.183,22.88,0.78,21.11
3.3e-05,0.100999999999999,0.06,0.79,0.15,0.15,0.31578947368421,2.6,96.4,3.218,140,1.091,21.7,0.7,16.7
3.3e-05,0.100999999999999,0.07,0.93,0,0,0.31578947368421,2.6,96.4,3.218,140,1.001,22,0.76,16.7
3.3e-05,0.100999999999999,0.07,0.93,0,0,0.31578947368421,2.6,96.4,3.218,140,1.025,23.4,0.74,17.7
3.3e-05,0.1,0,0,1,0,0.25,2.7,110.6,0.56,100,1.04,22.96,0.712,17.14
3.3e-05,0.1,0,0,1,0,0.25,2.7,110.6,0.56,100,1.08,22.6,0.7253,17.72
3.3e-05,0.1,0,0,1,0,0.25,2.7,110.6,0.56,100,1.08,22.61,0.7363,18.79
3.3e-05,0.1,0,0,1,0,0.25,2.7,110.6,0.56,100,1.08,23.34,0.757,19.1
3.3e-05,0.1,0,0,1,0,0.25,2.7,110.6,0.56,100,1.05,23.88,0.7162,18.12
3.3e-05,0.4,0,0,1,0,0.428571428571429,2.7,110.6,0.56,95,1.1,22.72,0.75,18.28
0.000992,0.1,0,1,0,0,0.25,2.9,131.7,0.806,100,1.09,21.11,0.657,15.1
0.000992,0.1,0,1,0,0,0.25,2.9,131.7,0.806,100,1.1,21.14,0.677999999999999,15.77
3.3e-05,0.12,0,0,1,0,0.166666666666667,2.7,110.6,0.56,100,1.02,17.57,0.632,11.32
3.3e-05,0.07,0,0,1,0,2.33333333333333,2.9,131.7,0.806,100,1.065,18.35,0.675999999999999,13.15
0.000992,0.07,0,0,1,0,2.33333333333333,2.9,131.7,0.806,100,1.089,21.27,0.723,16.7
0.000992,0.1,0,0,1,0,0.111111111111111,2.7,110.6,0.56,100,1.09,20.88,0.75,17.07
0.000992,0.1,0,0,1,0,0.111111111111111,2.7,110.6,0.56,100,1.09,21.34,0.76,17.8
0.000992,0.1,0,0,1,0,0.111111111111111,2.7,110.6,0.56,100,1.09,22.81,0.76,18.9
0.000992,0.1,0,0,1,0,0.111111111111111,2.7,110.6,0.56,100,1.09,24.38,0.76,20.34
0.000992,0.1,0,0,1,0,0.111111111111111,2.7,110.6,0.56,100,1.09,23.37,0.75,19.41
3.3e-05,0.04,0.05,0.81,0.14,0.15,0.25,2.9,131.7,0.806,130,1.13,22.94,0.7,18.15
3.3e-05,0.04,0.05,0.81,0.14,0.15,0.25,2.9,131.7,0.806,130,1.16,23.65,0.763,20.93
3.3e-05,0.0831,0,0.83,0.17,0.163,0.25,2.9,131.7,0.806,100,1.12,19.21,0.7,15.08
3.3e-05,0.0831,0,0.83,0.17,0.163,0.25,2.9,131.7,0.806,100,1.16,20.6,0.74,17.74
3.3e-05,0.0831,0,0.83,0.17,0.163,0.25,2.9,131.7,0.806,100,1.14,19.99,0.71,16.42
3.3e-05,0.0831,0,0.83,0.17,0.163,0.25,2.9,131.7,0.806,100,1.14,20.65,0.72,17.02
0.000992,0.1,0.05,0.79,0.16,0.16,0.25,2.9,131.7,0.806,100,1.17,22.62,0.779,20.6
0.000992,0.1,0.05,0.79,0.16,0.16,0.25,2.9,131.7,0.806,100,1.175,22.75,0.768,20.52
0.000992,0.1,0.05,0.79,0.16,0.16,0.25,2.9,131.7,0.806,100,1.153,22.23,0.795,20.37
0.000992,0.1,0.05,0.79,0.16,0.16,0.25,2.9,131.7,0.806,100,1.12,22.48,0.760999999999999,19.17
3.3e-05,0.1,0.05,0.79,0.15,0.16,0.25,2.9,131.7,0.806,100,1.05,20.08,0.66,14.13
3.3e-05,0.1,0.05,0.79,0.15,0.16,0.25,2.9,131.7,0.806,100,1.1,22.47,0.73,18.22
3.3e-05,0.1,0.05,0.79,0.15,0.16,0.25,2.9,131.7,0.806,100,1.14,22.59,0.74,19.16
3.3e-05,0.1,0.05,0.79,0.15,0.16,0.25,2.9,131.7,0.806,100,1.1,22.47,0.73,18.22
3.3e-05,0.159,0,0.83,0.17,0.17,0.25,2.9,131.7,0.806,100,1.01,24,0.694,16.74
0.000992,0.159,0,0.83,0.17,0.17,0.25,2.9,131.7,0.806,100,1.08599999999999,24.69,0.699,18.75
3.3e-05,0.1,0.05,0.85,0.15,0.15,0.25,2.9,131.7,0.806,100,1.132,22.88,0.755999999999999,19.59
3.3e-05,0.1,0.05,0.85,0.15,0.15,0.25,2.9,131.7,0.806,100,1.16,23.58,0.782,21.39
3.3e-05,0.1,0.05,0.85,0.15,0.15,0.25,2.9,131.7,0.806,100,1.138,22.69,0.7438,19.19
3.3e-05,0.1,0.05,0.85,0.15,0.15,0.25,0.7,77.1,0.423,100,1.149,23.35,0.7709,20.68
3.3e-05,0.1,0.05,0.85,0.15,0.15,0.25,3,156,1.124,100,1.148,23.46,0.7831,21.09
0.000992,0.06,0,0,1,0,0.25,2.9,131.7,0.806,100,1.09,21.2,0.7,16.2
0.000992,0.06,0,0,1,0,0.25,2.9,131.7,0.806,100,1.13,22.3,0.75,18.9
3.3e-05,0.1,0,0,1,0,0.137741046831956,0.9,131.7,0.806,100,1.02,22,0.75,16.8
3.3e-05,0.1,0,0,1,0,0.137741046831956,0.9,131.7,0.806,100,1.06,21.3,0.71,15.9
3.3e-05,0.049,0.05,0.85,0.15,0.15,0.25,2.9,131.7,0.806,100,1.11,21.9,0.75,18.2
3.3e-05,0.049,0.05,0.85,0.15,0.15,0.25,2.9,131.7,0.806,100,1.15,22.5,0.78,20.2
3.3e-05,0.1,0.05,0.8,0.15,0.15,0.25,2.9,131.7,0.806,100,1.16,23.02,0.752,20.05
3.3e-05,0.1,0.05,0.8,0.15,0.15,0.25,2.9,131.7,0.806,100,1.12,22.77,0.755,19.24
3.3e-05,0.1,0,0.85,0.15,0.15,0.25,2.9,131.7,0.806,100,1.14,23.01,0.691,18.13
3.3e-05,0.1,0,0.85,0.15,0.15,0.25,2.9,131.7,0.806,100,1.11,22.72,0.672,16.88
3.3e-05,0.1,0.1,0.75,0.15,0.15,0.25,2.9,131.7,0.806,100,1.18,23.68,0.743,20.75
3.3e-05,0.1,0.1,0.75,0.15,0.15,0.25,2.9,131.7,0.806,100,1.14,22.8,0.750999999999999,19.45
3.3e-05,0.1,0.2,0.65,0.15,0.15,0.25,2.9,131.7,0.806,100,1.11,22.09,0.680999999999999,16.69
3.3e-05,0.1,0.2,0.65,0.15,0.15,0.25,2.9,131.7,0.806,100,1.11,21.94,0.606,14.63
3.3e-05,0.05,0,0.83,0.17,0.17,0.25,2.9,131.7,0.806,100,1.13,22.15,0.722,18.07
3.3e-05,0.05,0,0.83,0.17,0.17,0.25,2.9,131.7,0.806,100,1.13,22.46,0.755999999999999,19.2
3.3e-05,0.105,0.05,0.83,0.17,0.15,0.111111111111111,0.7,77.1,0.423,100,1.19,21.42,0.76,19.23
3.3e-05,0.105,0.05,0.83,0.17,0.15,0.111111111111111,0.7,77.1,0.423,100,1.16,21.53,0.74,18.52
3.3e-05,0.105,0.05,0.83,0.17,0.15,0.111111111111111,0.7,77.1,0.423,100,1.15,21.91,0.74,18.6
3.3e-05,0.105,0.05,0.83,0.17,0.15,0.111111111111111,0.7,77.1,0.423,100,1.14,21.27,0.73,17.7
3.3e-05,0.105,0.05,0.83,0.17,0.15,0.111111111111111,0.7,77.1,0.423,100,1.08,20.85,0.65,14.74
3.3e-05,0.1,0,0,1,0,0.142857142857143,0.9,131.7,0.806,100,1.1,21.93,0.725,18
3.3e-05,0.1,0,0,1,0,0.142857142857143,0.9,131.7,0.806,100,1.1,22.28,0.719,17.81
3.3e-05,0.1,0,0,1,0,0.142857142857143,0.9,131.7,0.806,100,1.11,22.42,0.731,19
3.3e-05,0.1,0,0,1,0,0.142857142857143,0.9,131.7,0.806,100,1.1,22.4,0.6424,16.01
3.3e-05,0.1,0,0,1,0,0.142857142857143,0.9,131.7,0.806,100,1.12,22.82,0.775999999999999,20.63
3.3e-05,0.049,0.05,0.81,0.14,0.15,0.25,2.9,131.7,0.806,80,1.16,22.7,0.764,20.1
3.3e-05,0.049,0.05,0.81,0.14,0.15,0.25,2.9,131.7,0.806,80,1.195,22.5,0.77,20.6
3.3e-05,0.16,0,0,1,0,0.428571428571429,2.9,131.7,0.806,100,1.032,18.5,0.677,12.94
0.000992,0.1,0,0,1,0,0.111111111111111,0.7,77.1,0.423,65,1.041,21.46,0.65,14.69
0.000992,0.1,0,0,1,0,0.111111111111111,0.7,77.1,0.423,65,1.02,20.7,0.6,12.7
0.000992,0.09,0,0,1,0,0.25,2.9,131.7,0.806,100,1,21.23,0.6,12.74
0.000992,0.09,0,0,1,0,0.25,2.9,131.7,0.806,100,1.07,20.95,0.63,14.12
0.000992,0.09,0,0,1,0,0.25,2.9,131.7,0.806,100,1.05,20.28,0.63,13.34
0.000992,0.09,0,0,1,0,0.25,2.9,131.7,0.806,100,1.08,21.17,0.68,15.45
0.000992,0.09,0,0,1,0,0.25,2.9,131.7,0.806,100,1.07,20.35,0.67,14.53
0.000992,0.09,0,0,1,0,0.25,2.9,131.7,0.806,100,1.08,20.58,0.63,14
0.000992,0.09,0,0,1,0,0.25,2.9,131.7,0.806,100,1.07,19.34,0.63,13.1
3.3e-05,0.12,0,0,1,0,0.428571428571429,2.9,131.7,0.806,100,1.09,18.33,0.69,13.81
0.000992,0.09,0,0,1,0,0.25,0.9,131.7,0.806,100,1.09,21.8,0.72,17.2
0.000992,0.16,0,0.85,0.15,0.15,0.25,0.7,77.1,0.423,120,1.095,22.65,0.769,19.05
0.000992,0.16,0,0.85,0.15,0.15,0.25,0.7,77.1,0.423,120,1.103,22.73,0.774,19.41
0.000992,0.16,0,0.85,0.15,0.15,0.25,0.7,77.1,0.423,120,1.117,22.39,0.769,19.03
0.000992,0.16,0,0.85,0.15,0.15,0.25,0.7,77.1,0.423,120,1.122,22.34,0.764,19.15
0.000992,0.16,0,0.85,0.15,0.15,0.25,0.7,77.1,0.423,120,1.107,21.18,0.726,17.02
0.000992,0.16,0,0.85,0.15,0.15,0.25,0.7,77.1,0.423,120,1.054,20.57,0.68,14.74
0.000992,0.16,0.05,0.81,0.11,0.15,0.25,0.7,77.1,0.423,120,1.129,22.82,0.765,19.71
0.000992,0.16,0.05,0.81,0.11,0.15,0.25,0.7,77.1,0.423,120,1.151,22.94,0.790999999999999,20.86
0.000992,0.16,0.05,0.81,0.15,0.15,0.25,0.7,77.1,0.423,120,1.128,21.91,0.77,19.03
3.3e-05,0.1,0.02,0.83,0.17,0.17,0.25,2.9,131.7,0.806,100,1.09,17.7,0.62,11.9
3.3e-05,0.05,0.02,0.83,0.17,0.17,0.25,2.9,131.7,0.806,100,1.12,18.5,0.61,12.6
3.3e-05,0.1,0.02,0.83,0.17,0.17,0.25,2.9,131.7,0.806,100,1.12,22.2,0.55,13.8
3.3e-05,0.05,0.02,0.83,0.17,0.17,0.25,2.9,131.7,0.806,100,1.11,18,0.67,13.5
3.3e-05,0.1,0.02,0.83,0.17,0.17,0.25,2.9,131.7,0.806,100,1.06,19.5,0.62,12.7
3.3e-05,0.05,0.02,0.83,0.17,0.17,0.25,2.9,131.7,0.806,100,1.06,21,0.57,12.7
0.000992,0.08,0,0,1,0,0.111111111111111,0.9,131.7,0.806,100,1.09,21.13,0.715,16.53
0.000992,0.08,0,0,1,0,0.111111111111111,0.9,131.7,0.806,100,1.12,22.61,0.7583,19.12
3.3e-05,0.16,0.1,0.875,0.125,0,0.25,2.9,131.7,0.806,100,1.02,21.44,0.7,15.36
3.3e-05,0.16,0.1,0.875,0.125,0,0.25,2.9,131.7,0.806,100,1.06,21.13,0.71,15.91
3.3e-05,0.16,0.1,0.875,0.125,0,0.25,2.9,131.7,0.806,100,1.04,17.82,0.7,12.95
3.3e-05,0.16,0.1,0.875,0.125,0,0.25,2.9,131.7,0.806,100,1.07,17.84,0.67,13.73
3.3e-05,0.16,0.1,0.875,0.125,0,0.25,2.9,131.7,0.806,100,1,20.59,0.62,13.4
3.3e-05,0.16,0.1,0.875,0.125,0,0.25,2.9,131.7,0.806,100,1.01,19.09,0.71,13.7
0.000992,0.0896,0.04,0.92,0.04,0.01,0.666666666666667,2.9,131.7,0.806,130,0.98,22.43,0.7,15.32
0.000992,0.125,0,1,0,0,0.125,0.9,131.7,0.806,150,1.114,24.15,0.807999999999999,21.72
0.000992,0.125,0,1,0,0,0.125,0.9,131.7,0.806,150,1.05,23.48,0.72,17.87
3.3e-05,0.1,0,0.85,0.15,0.15,0.25,2.7,110.6,0.56,200,1.093,21.55,0.7622,17.95
3.3e-05,0.1,0,0.85,0.15,0.15,0.25,2.7,110.6,0.56,200,1.105,22.98,0.7196,18.27
3.3e-05,0.1,0,0.85,0.15,0.15,0.25,2.7,110.6,0.56,200,1.116,21.33,0.7773,18.5
3.3e-05,0.1,0,0.85,0.15,0.15,0.25,2.7,110.6,0.56,200,1.102,22.99,0.7233,18.32
3.3e-05,0.1,0,0.85,0.15,0.15,0.25,2.7,110.6,0.56,200,1.102,23.43,0.7302,18.86
3.3e-05,0.1,0,0.85,0.15,0.15,0.25,2.7,110.6,0.56,200,1.118,23.33,0.7061,18.41
3.3e-05,0.1,0,0.85,0.15,0.15,0.25,2.7,110.6,0.56,200,1.115,21.49,0.7564,18.12
3.3e-05,0.1,0,0.85,0.15,0.15,0.25,2.7,110.6,0.56,200,1.109,23.08,0.7219,18.48
3.3e-05,0.1,0,0.85,0.15,0.15,0.25,2.7,110.6,0.56,200,1.129,22.18,0.7536,18.87
3.3e-05,0.1,0,0.85,0.15,0.15,0.25,2.7,110.6,0.56,200,1.101,21.33,0.7727,18.14
3.3e-05,0.1,0,0.85,0.15,0.15,0.25,2.7,110.6,0.56,200,1.105,21.83,0.759,18.32
3.3e-05,0.1,0,0.85,0.15,0.15,0.25,2.7,110.6,0.56,200,1.092,21.26,0.758,17.6
3.3e-05,0.1,0,0.85,0.15,0.15,0.25,2.7,110.6,0.56,200,1.104,22.21,0.7391,18.13
3.3e-05,0.1,0,0.85,0.15,0.15,0.25,2.7,110.6,0.56,200,1.115,23.02,0.7313,18.77
3.3e-05,0.1,0,0.85,0.15,0.15,0.25,2.7,110.6,0.56,200,1.11,21.08,0.7668,17.93
3.3e-05,0.1,0,0.85,0.15,0.15,0.25,2.7,110.6,0.56,200,1.114,21.42,0.7527,17.95
3.3e-05,0.1,0,0.85,0.15,0.15,0.25,2.7,110.6,0.56,200,1.123,20.88,0.7725,18.12
3.3e-05,0.1,0,0.85,0.15,0.15,0.25,2.7,110.6,0.56,200,1.109,21.93,0.7536,18.32
3.3e-05,0.1,0,0.85,0.15,0.15,0.25,2.7,110.6,0.56,200,1.11,21.56,0.7462,17.86
3.3e-05,0.1,0,0.85,0.15,0.15,0.25,2.7,110.6,0.56,200,1.106,21.43,0.7695,18.23
3.3e-05,0.1,0,0.85,0.15,0.15,0.25,2.7,110.6,0.56,200,1.109,22.02,0.7486,18.26
3.3e-05,0.1,0.17,0.83,0,0.4,0.285714285714286,2.9,131.7,0.806,100,1.192,18.74,0.77,17.24
3.3e-05,0.1,0.17,0.83,0,0.4,0.285714285714286,2.9,131.7,0.806,100,1.23,18.99,0.78,18.1
3.3e-05,0.1,0.17,0.83,0,0.4,0.285714285714286,2.9,131.7,0.806,100,1.23,18.34,0.79,17.8
3.3e-05,0.1,0.17,0.83,0,0.4,0.285714285714286,2.9,131.7,0.806,100,1.2,19.03,0.76,16.57
3.3e-05,0.1,0.17,0.83,0,0.4,0.285714285714286,2.9,131.7,0.806,100,1.16,18.57,0.74,15.85
