ETL_EM,Cell_A,Cs_ratio,FA_ratio,MA_ratio,Br_ratio,DMSO_DMF,AntiSolvent_Xl,AntiSolvent_bp,AntiSolvent_v,Annealing_t,JV_Voc,JV_Jsc,JV_FF,JV_PCE
3.3e-05,0.09,0,0,1,0,0.25,2.9,131.7,0.806,100,1.05,20.68,0.7,15.33
3.3e-05,0.09,0,0,1,0,0.25,2.9,131.7,0.806,100,1.08,21.04,0.74,17.05
3.3e-05,0.09,0.05,0.79,0.16,0.17,0.25,2.9,131.7,0.806,100,1.03,20.8,0.746,16.1
0.000992,0.09,0.026886920889824625,0.79,0.16,0.17,0.25,2.9,131.7,0.806,112.03322302927366,1.05,21.8,0.767,17.5
0.000992,0.16,0.05,0.81,0.14,0.15,0.25,0.7,77.1,0.42299999999999993,120,1.097,22.26,0.75,18.32
3.7452867507934574e-05,0.16,0.05,0.81,0.14,0.15,0.25,0.7,77.1,0.42299999999999993,120,1.092,22.21,0.755,18.07
0.000992,0.1,0,0.83,0.17,0.17,7.423412621688026e-05,2.3808387438822987,131.7,0.806,140,1.18,20.04,0.759,19.63
3.3e-05,0.09,0.02028568,0.85,0.15,0,0.25,2.9,112.95770251922988,0.806,150,1.03,24.19,0.726,18.3
3.3e-05,0.09,0,0.85,0.15,0,0.25,2.9,131.7,0.806,150,1.05,25.4,0.771,20.56
0.000992,0.1,0,0,1,0,0.111111111,2.4384098417901994,131.7,0.806,100,1.02,22.5,0.752,17.6
0.000992,0.1,0.05,0.81,0.14,0.15,0.25,2.9,131.7,0.806,120,1.13,22.58,0.733,18.7
3.3e-05,0.16,0,0,0.9362343375319242,0,0.111111111,2.9,131.7,0.806,100,1.01,21.8,0.668,14.7
3.3e-05,0.16,0,0,1,0,0.111111111,2.9,131.7,0.806,100,1.02,22.3,0.76,17.3
0.000992,0.16,0.05,0.79,0.16,0.17,0.25,2.9,131.7,0.7498107274011075,100,1.051,20.1,0.75,15.9
0.000992,0.16,0.05,0.79,0.16,0.17,0.25,2.9,131.7,0.806,100,1.091,20.6,0.76,17
0.000992,0.17,0.05,0.79,0.16,0.17,0.25,2.9,131.7,0.806,100,1.137,21.83,0.749,18.57
6.692349243164063e-05,0.17,0.05,0.7672199530483483,0.16,0.17,0.25,2.9,131.7,0.806,100,1.141,22.07,0.748,18.84
0.000992,0.17,0.05,0.79,0.16,0.13490384975749256,0.25,2.9,131.7,0.7192573192798197,100,1.143,21.86,0.781,19.52
0.000992,0.17,0.05,0.79,0.16,0.17,0.25,2.9,131.7,0.806,100,1.141,21.92,0.787,19.68
0.000992,0.17,0.05,0.79,0.16,0.17,0.25,2.9,131.7,0.806,100,1.153,22.31,0.791,20.33
0.000992,0.17,0.05,0.79,0.16,0.17,0.25,2.9,131.7,0.806,100,1.158,22.39,0.793,20.56
0.000992,0.17,0.05,0.79,0.16,0.13325059241884948,0.25,2.9,131.7,0.7211878714891077,100,1.145,21.31,0.779,19.02
0.000992,0.17,0.05,0.79,0.16,0.17,0.25,2.9,131.7,0.806,112.9744593527063,1.145,21.36,0.784,19.17
0.000992,0.17,0,1,0,0,0.25,2.9,131.7,0.806,100,1.103,23.23,0.765,19.52
0.000992,0.17,0,1,0,0.1743821711112857,0.25,2.9,114.73571169820912,0.806,100,1.117,23.13,0.771,19.92
0.000992,0.17,0,1,0,0,0.25,2.9,131.7,0.806,100,1.137,23.83,0.798,21.64
0.000992,0.17,0,1,0,0,0.25,2.9,131.7,0.806,100,1.139,23.68,0.814,21.95
0.000992,0.09,0,0.06953312,1,0,0.142857143,0.8999999999999999,34.6,0.2448,100,1.04,21.4,0.75,16.7
3.7478101730346683e-05,0.09,0,0,1,0,0.142857143,0.8999999999999999,34.6,0.2448,100,1.04,21.4,0.75,16.7
0.000992,0.09,0,0,1,0,0.142857143,0.8999999999999999,34.6,0.2448,100,1.05,22.2,0.763,17.81
3.3e-05,0.111074479,0.05,0.855,0.095,0.145,0.25,2.9,131.7,0.806,112.93734205004111,1.02,21.22,0.711,15.4
3.3e-05,0.09,0.027967215,0.85,0,0.16549796182984114,0.25,2.9,131.7,0.806,130,1,24,0.715,17.2
4.0842378616333014e-05,0.125,0,0.83,0.17,0.16,0.25,2.9,131.7,0.806,100,1.05,20.5,0.646,14.22
0.000992,0.125,0,0.83,0.17,0.16,0.25,2.9,131.7,0.806,100,1.09,21.5,0.705,16.73
3.3e-05,0.09,0.010067727,0,1,0,0.25,2.422714717280686,131.7,0.806,100,1.01,22.96,0.74,17.25
0.000992,0.0893,0.17,0.83,0,0.27,0.111111111,2.9,131.7,0.806,100,1.244,19.5,0.767,18.6
0.000992,0.10664046858358382,0.17,0.83,0.061108203245669596,0.4,0.111111111,2.9,131.7,0.806,100,1.284,17.8,0.722,16.51
0.000992,0.0893,0.17,0.83,0,0.5,0.111111111,2.9,131.7,0.806,100,1.296,16.2,0.715,15.01
0.000992,0.0893,0.17,0.8231445437705516,0,0.13085668628293276,5.809109476695808e-05,2.9,131.7,0.806,100,1.312,15,0.729,14.35
0.000992,0.0893,0.17,0.83,0,0.27,0.111111111,2.9,131.7,0.6726114288220704,100,1.223,19.5,0.721,17.2
0.000992,0.0893,0.17,0.83,0,0.4,0.111111111,2.9,113.59086009957582,0.806,100,1.254,17.4,0.697,15.2
0.000660222,0.0893,0.17,0.8372521428314447,0,0.13813003211411834,0.111111111,2.9,111.86945094337881,0.806,100,1.223,19.6,0.725,17.39
3.3e-05,0.1,0,0,1,0,1.6504272211458082,2.9,131.7,0.806,100,1.08,21.4,0.72,16.6
3.3e-05,0.1,0.010788901092290876,0,1,0,0.428571429,2.9,131.7,0.806,100,1.11,23.3,0.78,20.2
3.78325252532959e-05,0.1,0,0,0.9273472165041565,0,0.142857143,2.5276225296729806,109.55144773472114,0.2448,100,1.08,23.26,0.68,17.06
3.3e-05,0.11806644163316488,0,0,1,0,0.142857143,0.8999999999999999,116.03016044220155,0.2448,100,1.01,23.59,0.595,14.18
3.3e-05,0.11139052154579758,0,0.8022696649931669,0.15,0.15,0.25,2.7,112.68747395226472,0.56,100,1.035,23.2,0.7046,16.96
3.3e-05,0.14999999999999997,0,0.85,0.15,0.15,0.25,2.7,110.6,0.56,100,1.068,23.39,0.718,17.94
3.3e-05,0.14999999999999997,0,0.85,0.15,0.15,0.25,2.7,110.6,0.56,100,1.07,23.48,0.714,17.95
3.3e-05,0.06,0.05,0.79,0.16,0.16,0.25,2.9,131.7,0.806,100,1.039,19.21,0.704,14.05
3.3e-05,0.06,0.05,0.79,0.16,0.16,0.25,2.516366593798757,34.6,0.2448,100,1.073,19.31,0.718,15.04
4.840637969970703e-05,0.06,0.05,0.7565563138065338,0.16,0.16,0.25,2.7,110.6,0.56,100,1.071,17.2,0.716,13.18
3.3e-05,0.06,0.05,0.79,0.16,0.16,0.25,0.3,82.3,2.038,100,1.058,17.59,0.678,12.62
3.818494606018067e-05,0.06,0.05,0.79,0.16,0.16,0.25,0.7,77.1,0.42299999999999993,100,1.049,17.82,0.686,12.82
4.571478652954102e-05,0.06,0.05,0.79,0.16,0.16,0.25,0.8999999999999999,34.6,0.2448,100,1.085,19.35,0.716,15.03
3.3e-05,0.06,0.05,0.79,0.16,0.16,0.25,0.8999999999999999,34.6,0.2448,100,1.099,19.59,0.721,15.52
3.3e-05,0.06,0.05,0.79,0.16,0.16,0.25,0.8999999999999999,117.51049489128889,0.2448,100,1.105,20.54,0.728,16.54
3.3e-05,0.06,0.05,0.79,0.16662855717900393,0.16,0.25,2.5232399177867175,34.6,0.2448,100,1.101,20.1,0.717,15.86
3.3e-05,0.06,0.05,0.79,0.16,0.16,0.25,0.8999999999999999,34.6,0.2448,100,1.082,18.18,0.693,13.61
3.3e-05,0.06,0.05,0.79,0.16,0.16,0.25,2.5072610750667454,34.6,0.2448,100,1.115,21.1,0.739,17.38
3.3e-05,0.06,0,0.83,0.17,0.17,0.25,0.8999999999999999,34.6,0.3102758762470186,100,1.07,19.92,0.689,14.68
0.000992,0.1,0,0.85,0.15,0.15,0.25,2.9,131.7,0.806,100,1.08,23.31,0.79,19.7
3.922541427612305e-05,0.1,0,0.85,0.15,0.15,0.25,2.9,131.7,0.806,100,1.06,20.25,0.77,16.6
3.3e-05,0.09,0,0,0.9307862291327714,0,1.8985439271320903,2.9,131.7,0.806,100,1.07,21.6,0.718,16.6
3.3e-05,0.09,0,0,1,0,0.111111111,2.9,131.7,0.806,100,1.09,21.1,0.682,15.7
3.3e-05,0.1,0.17,0.83,0,0.4,0.409152116,2.9,131.7,0.806,100,1.2,18.11,0.76,16.57
3.3e-05,0.1,0.026153326339304443,0.83,0,0.4,0.285714286,2.9,131.7,0.806,100,1.17,18.86,0.74,16.34
0.000992,0.1,0,0,1,0.044483750618934635,0.111111111,0.8999999999999999,117.25318982735223,0.2448,100,1.134,23.05,0.778,20.31
0.000992,0.1,0,0,1,0,0.111111111,0.8999999999999999,34.6,0.2448,100,1.035,22.1,0.736,17.91
3.895802307128906e-05,0.07,0,0,0.9222892804998755,0,0.428571429,2.9,131.7,0.806,100,1.06,22.71,0.66,15.9
3.3e-05,0.07,0,0,1,0,0.428571429,2.9,131.7,0.806,100,1.11,22.77,0.7,17.7
3.3e-05,0.07,0,0,0.91807493,0.082754241,0.428571429,2.9,112.07419367472917,0.806,100,1.12,22.86,0.71,18.3
3.3e-05,0.1,0.05,0.7851957186093925,0.16,0,0.25,2.9,131.7,0.806,114.36954779622626,1.14,22.49,0.74,19.1
0.000992,0.1,0.05,0.81,0.14,0.15,0.25,2.9,131.7,0.806,100,1.12,22.6,0.74,18.3
0.000992,0.1,0.05,0.81,0.14,0.15,8.202429401507807e-05,2.9,131.7,0.806,100,1.135,22.1,0.71,17.8
0.000992,0.1,0.05,0.81,0.14,0.15,0.25,2.9,131.7,0.806,113.08120233151394,1.195,22.2,0.73,19.4
3.3e-05,0.1,0.05,0.81,0.14,0.15,0.25,2.9,113.73005187127598,0.806,110,1.128,21.8,0.71,17.5
0.000166154,0.1,0.022958184,0.81,0.14,0.15,0.25,2.9,114.44107608997007,0.806,110,1.15,22,0.728,18.6
4.910401153564453e-05,0.1,0.05,0.81,0.14,0.15,0.25,2.9,131.7,0.806,110,1.156,22.2,0.754,19.3
3.3e-05,0.1,0.05,0.81,0.14,0.15,0.25,2.9,131.7,0.806,110,1.144,22,0.744,18.8
0.000992,0.11,0.05,0.83,0.12,0.13,0.25,2.9,131.7,0.806,100,1.14,23.12,0.728,19.2
3.3e-05,0.14999999999999997,0,0,1,0,1.1547768253432358,2.7,110.6,0.56,100,0.97,20.9,0.72,14.5
3.3e-05,0.14999999999999997,0,0,1,0,0.428571429,2.7,110.6,0.56,100,0.97,22.4,0.72,15.5
0.000992,0.08567,0,0,1,0,0.111111111,0.8999999999999999,34.6,0.2448,115.43045981635291,1.121,23.21,0.762,19.82
0.000992,0.1,0.05,0.79,0.16,0.1382255338472128,0.333333333,2.9,131.7,0.806,100,1.11,22.91,0.69,18.3
0.000992,0.1,0.05,0.79,0.16,0.17,1,2.9,131.7,0.806,100,1.13,23.3,0.72,19
0.000992,0.1,0.05,0.79,0.16,0.17,1.6666666666666703,2.9,131.7,0.806,100,1.15,23.2,0.75,19.8
0.000992,0.1,0.05,0.79,0.15561202828490733,0.17,2.333333333,2.9,131.7,0.806,100,1.12,23.1,0.7,18.8
0.000992,0.1,0.05,0.79,0.16,0.17,1.6666666666666703,2.9,131.7,0.806,100,1.16,23.13,0.79,21.2
4.483693885803223e-05,0.1,0,1,0,0,0.125,2.9,112.31049261924153,0.806,100,1.011,23.63,0.635,15.16
0.000992,0.1,0,0.975,0.025,0.025,0.000127951,2.9,131.7,0.806,100,1.047,22.98,0.713,17.5
3.499150085449219e-05,0.1,0,0.975,0.025,0.025,0.125,2.5093116901561023,131.7,0.806,100,1.085,23.03,0.775,19.37
0.000992,0.11919290833720564,0,0.975,0.025,0.16740047139027717,0.125,2.9,131.7,0.806,113.64326817502851,1.11,24.01,0.798,21.26
0.000992,0.1,0,0.975,0.025,0.025,0.125,2.9,131.7,0.806,100,1.052,22.16,0.759,17.66
0.000992,0.1,0.030138821755290028,0.975,0.025,0.025,0.125,2.9,131.7,0.806,100,1.112,23.48,0.787,20.55
0.000992,0.1,0,0.95,0.10402540834277868,0.05,0.125,2.9,131.7,0.806,100,1.122,24.47,0.82,22.51
3.706107902526856e-05,0.1,0,0.9,0.1,0.1,0.125,2.455839319030941,131.7,0.806,100,1.139,23.45,0.795,21.23
0.000992,0.1,0,0.85,0.15,0.15,0.125,2.9,131.7,0.806,100,1.152,22.8,0.784,20.59
0.000992,0.09,0,0.85,0.15,0.15,0.25,2.7,110.6,0.56,100,1,23.4,0.72,16.9
3.3e-05,0.125,0.05,0.79,0.16,0.17,0.17647058823529396,0.7,77.1,0.42299999999999993,105,1.11,21.86,0.7,17.02
3.3e-05,0.125,0.05,0.79,0.1636267152546644,0.17,0.25,0.7,77.1,0.42299999999999993,105,1.13,22.7,0.75,19.23
3.3e-05,0.125,0.05,0.79,0.16,0.1306332876275182,10,0.7,77.1,0.42299999999999993,110.37783961016817,1.12,22.06,0.73,18.12
3.3e-05,0.125,0.05,0.79,0.16,0.17,9,0.7,77.1,0.42299999999999993,105,0.99,21.61,0.63,13.53
0.000992,0.14999999999999997,0,0,1,0.047498485075324774,0.25,2.9,131.7,0.806,100,1.11,22.15,0.75,18.52
3.3e-05,0.0725,0,0,1,0,0.25,2.4219266482278705,131.7,0.806,100,1.08,23.46,0.75,18.94
3.3e-05,0.0725,0,0,1,0,0.25,2.9,131.7,0.806,100,1.1,24.04,0.76,20.14
3.3e-05,0.0725,0,0,0.9279592972134351,0,1.9024429090787989,2.9,131.7,0.806,100,1.06,22.91,0.72,17.46
3.773899841308594e-05,0.09,0,0,1,0,0.25,2.7,110.6,0.56,100,1.08,22.71,0.712,17.46
3.3e-05,0.1,0.05,0.81,0.14,0.15,0.25,2.9,115.04028233985139,0.806,100,1.11,23.42,0.752,19.53
0.000152057,0.1,0.028972675,0.81,0.14,0.15,0.25,2.9,113.64812583472008,0.806,100,1.14,24.1,0.7756,21.31
0.000992,0.1,0.1,0.75,0.15,0.12,0.25,2.9,131.7,0.806,120,1.097,23.21,0.746,18.99
0.000992,0.1,0.1,0.75,0.15,0.12,0.25,2.9,131.7,0.806,120,1.084,22.66,0.821,20.16
0.000992,0.1,0,0.83,0.17,0.124,0.25,2.9,131.7,0.806,120,1.103,21.96,0.627,15.2
0.000992,0.1,0,0.83,0.17,0.17,0.25,2.9,131.7,0.806,112.79580634973001,1.14,22.82,0.735,19.11
7.14862232208252e-05,0.11511542131251096,0,0.83,0.17,0.17,0.25,2.9,131.7,0.806,100,1.14,22.69,0.737,19.06
0.000992,0.1,0.1,0.75,0.15,0.117,0.25,2.9,131.7,0.806,113.53563112654328,1.14,22.81,0.761,19.79
0.000992,0.1,0.1,0.75,0.15,0.117,8.331328852619878e-05,2.9,131.7,0.806,100,1.14,22.78,0.755,19.61
0.000992,0.1136403173587024,0.1,0.75,0.15,0.117,7.612757296662182e-05,2.9,131.7,0.806,100,1.13,22.75,0.754,19.38
0.000992,0.1,0.1,0.75,0.15,0.117,0.25,2.9,131.7,0.806,100,1.12,22.88,0.748,19.17
0.000992,0.1,0,0.83,0.17,0.1354869035587907,0.25,2.9,131.7,0.6697874204527438,100,1.14,22.5,0.72,18.5
0.000992,0.1,0.020817884627521037,0.83,0.13733043098568914,0.17,0.25,2.4607304540861845,131.7,0.806,112.5094403023459,1.12,22.5,0.71,18
0.000992,0.1,0.1,0.75,0.15,0.116,0.25,2.9,131.7,0.7107055298981667,100,1.14,22.6,0.75,19.5
0.000992,0.1,0.025274065,0.75,0.15,0.13238139104685187,0.25,2.9,131.7,0.806,100,1.117,22,0.74,18.2
0.000992,0.1,0.1,0.7619446982918977,0.15,0.116,0.25,2.9,131.7,0.806,100,1.125,22.5,0.73,18.5
0.000992,0.0925,0.17,0.83,0,0.17,3.538920744326086e-05,2.1,153.7,1.52,100,1.09,21.9,0.73,17.6
0.000992,0.0925,0.17,0.83,0.069358537,0.13091502444568276,0.25,2.1,120.02695997988104,1.52,100,1.13,21.7,0.75,17.8
0.000992,0.06,0,0.85,0.15,0.15,0.25,2.7,110.6,0.56,100,1.11,23.5,0.778,20.3
0.000992,0.06,0,0.85,0.15,0.15,0.25,2.7,110.6,0.56,114.33469696019375,1.1,23.2,0.775,19.8
0.000992,0.06,0,0,1,0,0.25,2.7,110.6,0.5544267748606503,100,1.04,22.8,0.774,18.7
0.000992,0.06,0,0,1,0,0.25,2.7,112.2339429336096,0.56,100,1.05,21.9,0.758,17.5
3.9323833465576174e-05,0.06,0,0.85,0.15,0.15,0.25,2.7,110.6,0.56,100,1.09,22.5,0.763,18.7
3.3e-05,0.1,0.05,0.79,0.16,0.17,0.25,2.9,131.7,0.806,100,1.12,22.14,0.745,18.59
3.3e-05,0.1,0.05,0.79,0.16,0.17,0.25,2.9,131.7,0.806,100,1.14,22.63,0.766,19.74
3.3e-05,0.1,0.05,0.79,0.16,0.17,0.25,2.9,131.7,0.7354733800684512,113.50895208736395,1.15,22.66,0.785,20.47
3.3e-05,0.1,0.05,0.79,0.16,0.17,0.25,2.9,131.7,0.806,113.80847884040222,1.14,22.62,0.777,20.06
3.3e-05,0.1,0.05,0.79,0.16,0.17,0.25,2.9,131.7,0.7276924313436449,114.30057926129686,1.14,22.45,0.755,19.41
3.3e-05,0.1,0.05,0.79,0.16,0.17,0.25,2.4267808999157547,131.7,0.806,100,1.128,22.01,0.736,18.31
3.3e-05,0.11134998493668435,0.05,0.79,0.16,0.17,0.25,2.9,131.7,0.806,100,1.15,22.38,0.776,20.11
0.000992,0.1,0.05,0.79,0.16,0.17,0.428571429,2.9,131.7,0.806,100,1.077,22.37,0.716,17.24
0.000992,0.1,0.05,0.79,0.16,0.17,0.428571429,2.457141752510011,131.7,0.806,100,1.075,23.57,0.699,17.71
0.000992,0.1,0.05,0.79,0.16,0.17,8.075339609957655e-05,2.9,131.7,0.806,100,1.09,24.17,0.734,19.36
0.000992,0.16,0.05,0.86,0.09,0.15650759646373988,0.25,2.4758656523627045,131.7,0.806,100,1.12,23.9,0.77,20.7
0.000992,0.16,0,0.83,0.17079823407626152,0.17,0.2,2.9,131.7,0.806,100,1.12,23.39,0.67,17.55
0.000992,0.16,0,0.7720009059913754,0.17,0.17,0.2,2.4322398051780465,131.7,0.806,100,1.12,23.41,0.74,19.4
0.000992,0.16,0,0.83,0.17,0.1474504141572118,0.2,2.9,131.7,0.806,100,1.15,23.38,0.75,20.16
0.000992,0.16,0.024062007055729626,0.83,0.17,0.17,9.053072676428326e-05,2.9,131.7,0.806,100,1.14,23.3,0.74,19.66
0.000992,0.16,0,0.83,0.17,0.17,0.2,2.9,131.7,0.806,100,1.11,23.25,0.65,16.85
0.000992,0.16,0,0.83,0.17,0.17,8.685547633719469e-05,2.9,131.7,0.806,100,1.12,23.29,0.72,18.81
0.000992,0.16,0,0.83,0.17,0.17,0.2,2.9,131.7,0.6231803689371049,100,1.13,23.29,0.73,19.28
0.000992,0.16,0,0.83,0.17,0.17,0.2,2.9,131.7,0.806,100,1.12,23.3,0.71,18.53
3.65251522064209e-05,0.09,0.05,0.79,0.16,0.17,0.25,2.9,131.7,0.806,150,1.109,21.95,0.741,18.04
3.3e-05,0.09,0.05,0.79,0.16,0.17,0.25,2.9,131.7,0.806,150,1.116,22.5,0.76,19.08
3.3e-05,0.09,0.05,0.79,0.16,0.17,0.25,2.9,131.7,0.806,150,1.12,23.19,0.793,20.61
3.3e-05,0.09,0.05,0.79,0.16,0.17,0.25,2.9,131.7,0.806,150,1.117,22.35,0.771,19.26
3.3e-05,0.11145356759887932,0.05,0.79,0.16,0.17,0.25,2.9,131.7,0.7256766581498086,150,1.104,21.57,0.732,17.43
3.3e-05,0.09,0.05,0.79,0.16,0.17,0.25,2.9,131.7,0.7009540665814876,150,1.11,22.03,0.749,18.33
3.3e-05,0.09,0.05,0.79,0.16,0.17,0.25,2.395467755492747,114.14665032584512,0.806,113.35283858095974,1.114,22.68,0.785,19.83
4.808557319641114e-05,0.09,0.05,0.79,0.1496876484954059,0.13937456468492748,0.25,2.9,131.7,0.806,150,1.11,21.97,0.761,18.57
3.3e-05,0.09,0.17,0.83,0,0.17,0.25,0.8999999999999999,34.6,0.2448,70,1.14,21.9,0.743,18.5
3.3e-05,0.09,0.17,0.83,0,0.17,0.25,2.545743945561111,108.99756057748681,0.2448,70,1.09,21,0.663,15.2
3.3e-05,0.09,0.17,0.83,0,0.17,0.25,0.8999999999999999,34.6,0.2448,70,1.1,20.6,0.655,14.9
3.3e-05,0.1,0,0,1,0,0.111111111,0.8999999999999999,34.6,0.2448,100,1.1,21.42,0.68,16.03
3.53554801940918e-05,0.1,0.1,0.75,0.15,0.166,0.25,2.447087947382808,131.7,0.806,100,1.06,19.4,0.72,14.8
0.000992,0.1,0.1,0.75,0.15,0.166,0.25,2.9,131.7,0.7794401859780551,100,1.06,19.1,0.72,14.6
0.000992,0.1,0.05,0.79,0.16,0.17,0.25,2.9,131.7,0.806,100,1.12,21.74,0.764,18.59
3.619467544555664e-05,0.1,0.05,0.79,0.16,0.17,0.25,2.436322009547353,131.7,0.806,100,1.12,22.74,0.7658,19.45
0.000992,0.1,0.05,0.79,0.16,0.17,0.25,2.9,131.7,0.806,112.78470200433432,1.13,23.04,0.7691,20.08
0.000992,0.1,0.05,0.79,0.16,0.17,0.25,2.9,131.7,0.806,100,1.14,22.82,0.7531,19.54
0.000992,0.1,0.05,0.79,0.16,0.17,0.25,2.9,131.7,0.806,100,1.114,23.01,0.7772,20.35
0.000992,0.1,0.05,0.79,0.16,0.17,0.25,2.9,131.7,0.806,100,1.11,22.84,0.7663,19.51
0.000992,0.1,0.05,0.79,0.16,0.17,0.25,2.9,131.7,0.806,100,1.14,23.01,0.7772,20.35
0.000992,0.1,0.05,0.79,0.16,0.17,0.25,2.442019738785625,131.7,0.806,100,1.11,22.53,0.755,18.81
0.000992,0.088,0.05,0.79,0.16,0.17,0.25,2.5017300720003846,131.7,0.6964243545892239,100,1.07,22.86,0.701,17.2
3.3e-05,0.09,0,0.75,0.25,0.166,0.25,2.9,131.7,0.806,100,1.08,21.8,0.72,17
3.3e-05,0.06,0.05,0.81,0.14,0.15,0.25,2.9,131.7,0.806,100,1.02,23.01,0.7,16.52
0.000992,0.102,0,0.8,0.2,0.2,0.25,2.448127524284542,131.7,0.806,100,1.107,22.29,0.758,18.7
0.000992,0.102,0,0.8,0.2,0.2,0.25,2.9,115.59492204149498,0.5968509365075827,100,1.114,22.68,0.779,19.68
0.000992,0.102,0,0.8,0.2,0.2,0.25,2.426917252,131.7,0.806,100,1.089,22.31,0.753,18.3
0.000992,0.09,0.05,0.76,0.19,0.1304837988794446,0.25,2.9,131.7,0.7795666532771588,100,1.1,23,0.776,19.63
0.000992,0.09,0.05,0.76,0.19,0.2,0.25,2.9,131.7,0.806,113.57608330910591,1.14,23.2,0.788,20.91
0.000992,0.09,0.05,0.76,0.19,0.2,0.25,2.9,131.7,0.6745063519191742,100,1.16,23.6,0.784,20.32
0.000992,0.09,0.05,0.7757762083621025,0.16,0.166,0.25,2.4513400488922596,131.7,0.7755989825050236,100,1.09,21.65,0.774,18.32
0.000992,0.09,0.05,0.78,0.16,0.166,0.25,2.9,113.85639249998695,0.641850024,100,1.11,21.25,0.792,18.68
0.000992,0.09,0.05,0.78,0.16,0.166,0.25,2.9,131.7,0.806,100,1.12,21.51,0.793,19.03
0.000992,0.09,0.05,0.78,0.16,0.166,0.25,2.9,131.7,0.806,100,1.13,21.84,0.791,19.46
0.000992,0.09,0.05,0.78,0.16,0.166,0.25,2.9,131.7,0.806,100,1.13,21.96,0.794,19.75
0.000992,0.09,0.05,0.78,0.16933079605677723,0.13511273465287685,0.25,2.4519969399960044,131.7,0.806,100,1.14,22.2,0.792,20.13
0.000992,0.09,0.05,0.78,0.16,0.166,0.25,2.9,131.7,0.806,100,1.12,21.86,0.784,19.15
3.3e-05,0.14999999999999997,0,0,1,0,0.111111111,2.7,110.6,0.56,100,1.053,22.9,0.755,18.2
3.3e-05,0.14999999999999997,0.010117765008747576,0,1,0,0.111111111,2.7,110.6,0.56,100,1.037,22.3,0.727,16.9
3.3e-05,0.14999999999999997,0,0,1,0,0.111111111,2.7,110.6,0.56,100,1.046,22.9,0.735,17.6
0.000992,0.16,0.05,0.79,0.16,0.17,0.25,0.7,77.1,0.42299999999999993,120,1.09,22.76,0.773,19.17
0.000992,0.16,0.05,0.79,0.16,0.17,0.25,0.7,77.1,0.42299999999999993,120,1.081,22.23,0.732,17.59
0.000992,0.1,0.05,0.81,0.14,0.15,0.25,2.9,131.7,0.806,100,1.033,22.21,0.754,17.3
3.7622297286987304e-05,0.11418016582167148,0.05,0.81,0.14,0.15,0.7470127655596552,2.9,131.7,0.806,100,1.139,23.01,0.7402,19.4
0.000992,0.1,0.05,0.81,0.14,0.15,0.25,2.9,131.7,0.699354448,100,1.13,23.01,0.7857,20.5
0.000992,0.1,0.05,0.81,0.14,0.15,0.25,2.9,131.7,0.806,100,1.101,23.09,0.7091,18
0.000992,0.16,0.05,0.7846296527318953,0.14,0.15,0.25,2.9,131.7,0.806,100,1.142,23.45,0.758,20.34
0.000992,0.16,0.05,0.7868266821353435,0.14,0.15,0.25,2.9,131.7,0.806,100,1.169,23.91,0.765,21.4
3.3e-05,0.16,0.05,0.81,0.14,0.15,0.25,2.4421584269226195,131.7,0.806,100,1.125,22.85,0.752,19.33
3.3e-05,0.049,0.02556823,0.8,0,0.14757179925906658,0.25,2.9,131.7,0.806,100,1.17,20.4,0.773,18.5
3.3e-05,0.049,0.05,0.81,0.14,0.15,0.25,2.9,131.7,0.806,100,1.22,21.2,0.805,20.8
3.3e-05,0.049,0.17,0.83,0,0.4,0.4313387747627688,2.9,131.7,0.806,100,1.22,18.7,0.756,17.2
3.3e-05,0.049,0.12,0.83,0.05,0.4,0.25,2.9,131.7,0.6350742332382202,100,1.25,19,0.815,19.3
0.000992,0.24,0,0.83,0.17,0.13,0.25,2.9,131.7,0.806,100,1.05,23.03,0.754,18.22
3.8526781082153326e-05,0.24,0,0.83,0.17,0.14778947585713864,0.6319107246271749,2.9,113.75247624747158,0.806,100,1.02,24.05,0.761,18.67
0.000992,0.24,0,0,1,0.041282811,0.25,2.9,131.7,0.806,100,0.97,21.98,0.564,12.08
3.3e-05,0.24,0,0.83,0.19986789543768763,0.13,0.25,2.9,117.05574098796868,0.806,100,1.01,22.49,0.775,17.65
3.3e-05,0.09,0.007998268,0,1,0,0.5,2.9,114.25152173087997,0.806,100,1.09,18.77,0.7,14.38
3.3e-05,0.066,0,0,1,0,0.090909091,2.9,131.7,0.806,114.79746295496663,1.06,22.67,0.78,18.7
3.3e-05,0.066,0,0,1,0,0.090909091,2.394471904574037,131.7,0.806,100,1.08,21.58,0.76,17.7
3.3e-05,0.066,0,0,1,0,0.090909091,2.9,131.7,0.806,100,0.98,22.3,0.74,16.2
3.3e-05,0.066,0,0,1,0,0.090909091,2.9,131.7,0.806,100,1.02,22.5,0.73,16.8
3.3e-05,0.066,0,0,1,0,0.090909091,2.9,131.7,0.806,115.37457152080667,1.06,22.5,0.72,17.2
3.3e-05,0.1,0,0,1,0,2.333333333,2.7,110.6,0.56,95,1.08,22.45,0.72,17.46
3.3e-05,0.1,0.016281625189602373,0,0.9251055431771278,0,2.333333333,2.4241381482318642,111.74883399378066,0.56,95,1.09,22.62,0.75,18.52
3.3e-05,0.1,0,0.069648872,1,0,2.333333333,2.7,110.6,0.56,95,1.09,23.57,0.782,20.12
0.000992,0.1,0,0.85,0.15,0.13762608873581886,0.25,2.7,110.6,0.56,50,1.1,21.41,0.614,14.54
0.000992,0.11848012795436381,0.05,0.8010152243847847,0.14,0.15,0.25,2.7,110.6,0.56,50,1.13,23.31,0.68,17.97
3.3e-05,0.05,0.15,0.85,0,0.1377084029148817,0.111111111,2.9,131.7,0.806,140,1.12,18.3,0.65,14
3.3e-05,0.05,0.15,0.85,0,0.27,0.111111111,2.9,131.7,0.7127352658521832,111.74789857306394,1.24,19.83,0.737,18.13
0.000992,0.105,0.25,0.75,0,0.2,4.443896715043329e-05,2.9,131.7,0.806,100,1.24,19.2,0.74,17.5
0.000352961,0.105,0.023614888,0.75,0,0.2,0.25,2.9,131.7,0.806,100,1.31,19.3,0.78,19.8
0.000992,0.09,0.05,0.8,0.15,0.15,0.25,2.9,131.7,0.806,100,1.1,23.75,0.79,20.72
3.550353813171387e-05,0.1,0,0,1,0,0.25,0.7,118.52340519416524,0.42299999999999993,100,1.03,21.32,0.716,15.77
0.000992,0.1,0,0,1,0,0.25,0.7,77.1,0.42299999999999993,100,1.03,21.55,0.768,17.07
0.000992,0.1192950622730255,0,0,1,0,0.25,2.4614671200749876,111.90729524396062,0.42299999999999993,100,1.07,22.22,0.79,18.83
0.000992,0.1,0,0,0.9312230720111727,0,0.25,0.7,77.1,0.42299999999999993,100,1.05,21.64,0.779,17.66
3.3e-05,0.1,0,0,1,0,0.428571429,0.8999999999999999,131.7,0.6332215194046498,100,1.07,22.49,0.61,14.7
3.912662315368653e-05,0.1,0,0,0.9169309367855191,0,0.428571429,0.8999999999999999,119.84866484291436,0.806,100,1.02,23.31,0.689,16.4
0.000992,0.16,0.023141551196396347,0.85,0.15,0.15,0.25,2.9,131.7,0.806,100,1.09,23.06,0.68,16.92
0.000992,0.16,0.019734349807769058,0.85,0.15,0.15,0.25,2.9,131.7,0.806,100,1.08,20.01,0.61,13.3
0.000992,0.16,0,0.85,0.15,0.13722500827896597,0.25,2.9,131.7,0.806,100,1.17,19.6,0.66,16.44
0.000992,0.16,0,0.85,0.15,0.1412793243252039,0.25,2.9,131.7,0.806,100,1.14,21.3,0.74,18.4
0.000992,0.1017,0.05,0.95,0,0,0.25,2.9,131.7,0.7292483964005113,100,1.1,22.79,0.755,18.93
0.000992,0.1017,0.026126712758958337,0.95,0,0,0.25,2.9,113.23063011566293,0.806,100,1.08,22.7,0.735,18.04
0.000992,0.1017,0.05,0.95,0,0,0.25,2.9,131.7,0.806,100,1.11,24.57,0.792,21.6
0.000992,0.1017,0.05,0.95,0,0,0.25,2.9,112.95443184545113,0.806,100,1.11,24.55,0.75,20.41
3.3e-05,0.07,0,0,1,0,1.5000000000000002,2.9,131.7,0.806,100,0.99,22.13,0.712,15.6
3.3e-05,0.07,0,0.07703455,1,0,1.5000000000000002,2.447251335693419,112.91906949421912,0.7270971683837771,114.69449742054682,1.02,22.76,0.747,17.41
3.3e-05,0.07,0,0,1,0,1.5000000000000002,2.9,131.7,0.6983300306165815,100,1.03,21.8,0.742,16.7
0.000992,0.1,0,0,1,0,0.111111111,0.7,77.1,0.42299999999999993,130,1.09,24.3,0.765,20.3
3.3e-05,0.1,0.05,0.81,0.14,0.14048042677232625,0.25,2.9,131.7,0.806,150,1.04,20.6,0.74,15.9
3.3e-05,0.1,0.05,0.81,0.14,0.15,0.25,2.9,131.7,0.806,150,1.04,21.3,0.76,16.8
3.3e-05,0.1,0.05,0.81,0.14,0.15,0.25,2.9,131.7,0.806,150,1.01,20.2,0.75,15.3
3.3e-05,0.0938,0.05,0.75,0.2,0.12830867202973367,0.6269035868755859,2.7,110.6,0.56,110,1.06,19,0.71,14.5
3.3e-05,0.0938,0.05,0.75,0.2,0.1,0.428571429,2.7,110.6,0.56,110,1.05,19.5,0.74,15.4
0.000992,0.1,0,0,1,0,0.25,0.2,56.8,0.38,100,1.05,22.21,0.7,16.3
3.3975980758666994e-05,0.1,0,0,1,0,0.25,0.2,56.8,0.37034190513592957,100,1.04,21.78,0.689,15.6
0.000992,0.1,0,0,1,0,0.25,2.535480188958168,77.1,0.42299999999999993,100,1.04,21.71,0.669,15.1
0.000992,0.1,0,0,0.9270883532730341,0,0.25,0.7,77.1,0.42299999999999993,100,1.02,21.44,0.646,14.2
0.000992,0.1,0.05,0.8,0.15,0,0.333333333,2.9,131.7,0.806,150,1.04,22.9,0.73,17.4
0.000992,0.1203565919626057,0.015586088,0.8041899497541785,0.15,0,0.333333333,2.483632188034415,131.7,0.9377868739457131,150,1.05,22.8,0.73,17.3
0.000992,0.1,0.05,0.8,0.15,0.083,0.333333333,2.9,131.7,0.806,150,1.09,23.3,0.74,18.6
0.000992,0.1,0.05,0.7857849111121892,0.15,0.083,0.333333333,2.9,114.66098548556889,0.806,150,1.08,23.2,0.73,18.5
0.000992,0.12079743809205293,0.06,0.84,0.1313252272170484,0.137,0.333333333,2.437621939630449,131.7,0.7380608239721954,150,1.15,22,0.73,18.5
4.1276138305664063e-05,0.1,0.06,0.8128498576488494,0.1,0.137,0.333333333,2.9,131.7,0.806,150,1.14,22,0.73,18.3
3.796862411499024e-05,0.1,0.05,0.78,0.12,0.1349340395704508,0.333333333,2.9,131.7,0.8027944270487131,150,1.17,20.8,0.76,18.5
4.2103775024414064e-05,0.1,0.05,0.78,0.16954146888440846,0.17,0.333333333,2.9,131.7,0.806,150,1.16,20.7,0.76,18.2
0.000992,0.1,0.05,0.8,0.15,0.083,0.333333333,2.9,131.7,0.7363552808407545,150,1.11,23.7,0.78,20.6
0.000992,0.1,0.05,0.8,0.15,0.1431705238816738,0.333333333,2.9,131.7,0.806,150,1.1,23,0.72,18.1
0.000992,0.1,0.05,0.8,0.15,0.083,0.333333333,2.9,114.5106864,0.806,150,1.11,23.3,0.77,19.9
0.000992,0.1,0.018005965,0.8,0.15617269993665814,0.13741651838564872,0.333333333,2.9,113.33925700674021,0.806,150,1.07,22.9,0.68,16.6
0.000992,0.1,0.05,0.8,0.15,0.13996679761987926,0.333333333,2.9,131.7,0.806,150,1.09,23.1,0.76,19.1
0.000992,0.1,0,0,0.9291067473774551,0,0.25,2.9,113.89188509928977,0.806,100,1.04,19.97,0.675,14.05
0.000992,0.1,0,0,1,0,0.25,2.9,131.7,0.806,100,1.05,21.8,0.739,16.87
0.000992,0.0925,0,0.83,0.17,0.17,0.25,2.1,153.7,1.52,100,1.21,21.5,0.77,19.9
0.000992,0.11204026988267897,0,0.83,0.17,0.17,0.25,2.1,153.7,1.52,100,1.13,23.6,0.73,19.1
0.000992,0.0925,0,0,1,0,8.533294743000236e-05,2.1,153.7,1.52,100,1.04,22.6,0.74,17.7
0.000992,0.0925,0,0,1,0,0.25,2.1,153.7,1.52,100,1.04,23.2,0.75,18
0.000992,0.0925,0,0,1,0,0.25,2.1,153.7,1.52,100,1.05,23.8,0.71,17.9
0.000992,0.0925,0,0,0.91565033,0,0.25,2.1,121.31014950175012,1.52,100,1.1,23.2,0.74,18.8
0.000992,0.1,0,0,1,0,0.25,0.7,77.1,0.42299999999999993,100,1.03,21.74,0.736,16.56
0.000992,0.1,0,0,1,0,0.25,0.7,77.1,0.42299999999999993,100,1.06,22.61,0.768,18.41
0.000992,0.1,0,0,1,0,0.25,0.7,77.1,0.42299999999999993,100,1.02,22.55,0.752,17.38
3.3e-05,0.09,0.05,0.79,0.16,0.17,0.25,2.9,131.7,0.806,100,1.13,23,0.75,18.4
3.3e-05,0.1,0,0,0.9282235844726562,0.082334847,0.25,2.7,110.6,0.56,100,1.09,21.29,0.741,17.2
3.3e-05,0.1,0,0,1,0,0.25,2.7,112.6993048,0.56,115.16583307317943,1.114,23.34,0.7731,20.1
0.000992,0.1024,0,1,0,0,0.25,2.9,131.7,0.806,150,0.88,23.29,0.53,10.86
0.000992,0.11706861633136867,0.01,0.99,0,0,0.25,2.9,131.7,0.806,100,1,23.63,0.67,15.8
0.000992,0.1024,0.05,0.95,0,0,0.25,2.9,131.7,0.806,100,1.05,24,0.74,18.61
0.000992,0.1024,0.05,0.95,0,0,0.25,2.9,131.7,0.806,100,1.04,24.1,0.65,15.5
0.000992,0.1024,0.1,0.9,0,0,0.25,2.9,131.7,0.7403425315754414,100,1.09,24.55,0.72,19.23
0.000992,0.1024,0.15,0.8684108596743344,0,0,0.25,2.511529031,131.7,0.8497243874549568,100,1.06,23.46,0.7,17.37
0.000992,0.1024,0.15,0.85,0.085466262,0,0.25,2.9,131.7,0.8132133744986058,100,1.06,23.4,0.68,17
0.000992,0.1024,0,1,0.080100944,0,0.25,2.9,131.7,0.806,150,0.94,23.37,0.57,12.52
0.000992,0.1024,0,1,0,0,0.25,2.9,113.7242630681277,0.806,150,0.85,23.77,0.59,11.92
0.000992,0.1024,0,1,0,0,0.25,2.9,131.7,0.806,150,0.95,24.63,0.57,13.47
0.000992,0.1024,0,1,0,0,0.25,2.9,131.7,0.806,150,0.97,23.9,0.52,12.3
0.000992,0.1,0,0,1,0.038822639,0.5,0.8999999999999999,131.7,0.806,100,1,17.5,0.662,11.7
0.000992,0.1,0,0,1,0,0.7500000000000001,2.4577258782374263,131.7,0.806,100,1,18.7,0.673,12.8
0.000992,0.12034163235703109,0,0,1,0,1,0.8999999999999999,131.7,0.806,100,1.05,19.2,0.686,13.76
0.000992,0.1,0,0,1,0,1.25,0.8999999999999999,131.7,0.806,100,1.1,18.9,0.659,13.2
0.000992,0.12261208867388962,0,0,1,0,1.5000000000000002,0.8999999999999999,131.7,0.806,113.13119423753646,1.1,18.3,0.649,12.7
3.3e-05,0.136,0,0,1,0,0.25,0.8999999999999999,131.7,0.806,100,1.044,22.59,0.676,15.95
0.000992,0.0908,0.05,0.85,0.15,0.15,0.25,2.7,110.6,0.56,120,1.11,22.8,0.786,19.8
0.000992,0.0908,0.022887761054366823,0.784108886,0.15,0.13743556210774185,0.25,2.441865529593587,110.6,0.651947186,120,1.16,22.8,0.806,21.3
0.000992,0.11789301946404575,0.05,0.85,0.15,0.15,0.25,2.7,110.6,0.56,120,1.1,22.32,0.729,17.96
0.000992,0.0908,0.024084024,0.85,0.15,0.15,0.25,2.7,110.6,0.56,120,1.13,22.46,0.745,19.25
0.000992,0.0908,0.05,0.85,0.15,0.15,0.25,2.7,114.00232822735484,0.56,120,1.12,21.6,0.754,18.06
0.000992,0.1,0.05,0.7767866273107528,0.16,0.17,0.000107189,2.9,131.7,0.806,112.83524376320857,1.126,23.3,0.753,19.75
0.000992,0.1,0.05,0.79,0.16,0.17,7.838637935446823e-05,2.9,131.7,0.806,100,1.12,23.3,0.753,19.75
3.8255784988403326e-05,0.1,0.05,0.79,0.16,0.17,0.25,2.426932271925688,131.7,0.806,100,1.14,19.4,0.789,17.5
0.000992,0.1,0.05,0.79,0.16,0.17,0.25,2.9,131.7,0.806,150,1.08,22.51,0.76,18.54
0.000992,0.1,0.05,0.79,0.16,0.17,0.25,2.9,131.7,0.806,150,1.1,23.14,0.79,20.03
0.000992,0.16,0,0.83,0.17,0.17,0.25,0.7,77.1,0.42299999999999993,120,1.085,22.67,0.75,18.38
0.000992,0.16,0.023510453269094227,0.79,0.16,0.17,0.25,0.7,77.1,0.45188249869054553,120,1.097,22.72,0.76,18.96
0.000992,0.16,0.05,0.79,0.16,0.17,0.25,0.7,121.59780236619156,0.42299999999999993,120,1.132,22.57,0.78,19.86
0.000992,0.16,0,0.83,0.17,0.17,0.25,0.7,121.68176895585722,0.42299999999999993,120,1.095,22.76,0.76,18.94
0.000992,0.16,0.020743893,0.79,0.16,0.17,0.25,0.7,121.65747769064629,0.42299999999999993,120,1.107,22.83,0.76,19.21
0.000992,0.16,0.05,0.79,0.16,0.17,0.25,0.7,77.1,0.42299999999999993,120,1.11,22.96,0.73,18.58
3.939461517333985e-05,0.16,0.05,0.79,0.16,0.17,0.25,0.7,77.1,0.42299999999999993,120,1.12,22.96,0.78,20.12
0.000992,0.103,0,0,0.928959762,0,0.156,0.8999999999999999,34.6,0.2448,100,1.1,21.7,0.75,17.83
0.000992,0.103,0,0,1,0,0.156,0.8999999999999999,34.6,0.2448,100,1.085,21.69,0.71,16.82
0.000992,0.103,0.010022561109066009,0,1,0.045092643,1.2671362734137931e-05,0.8999999999999999,34.6,0.2448,100,1.08,21.5,0.7,17
0.000992,0.16,0.05,0.8,0.15,0.15,0.25,2.9,131.7,0.806,100,1.114,22.41,0.718,18.05
5.527864265441895e-05,0.16,0.05,0.7847468355807066,0.15,0.15,0.25,2.9,131.7,0.806,100,1.122,22.81,0.724,18.47
0.000992,0.16,0.05,0.8,0.15,0.1426472834610343,0.25,2.9,131.7,0.806,100,1.125,22.86,0.736,18.92
0.000992,0.16,0.05,0.8,0.15,0.15,0.25,2.9,131.7,0.806,100,1.091,23.2,0.728,18.56
0.000992,0.1,0.05,0.81,0.14,0.15,4,2.9,131.7,0.806,120,1.11,22.97,0.743,18.95
0.000992,0.1,0.05,0.81,0.14,0.15,4,2.4192581950119734,131.7,0.806,120,1.14,22.63,0.7683,19.82
0.000992,0.1,0.05,0.81,0.14,0.15,4,2.9,131.7,0.806,120,1.19,22.84,0.7793,21.18
3.3e-05,0.1,0.05,0.7885,0.1615,0.17,0.25,0.8999999999999999,34.6,0.2448,100,1.05,21.43,0.75,17.1
3.3e-05,0.1,0.05,0.7885,0.1615,0.17,0.25,0.8999999999999999,118.46433769404106,0.2448,100,1.05,22.04,0.75,17.54
3.3e-05,0.1,0.05,0.7885,0.1615,0.13894624485093357,0.25,0.8999999999999999,117.12049598718602,0.2448,100,1.07,22.95,0.75,18.41
3.3e-05,0.1,0.05,0.7885,0.13892983382067084,0.17,0.27477522662962717,0.8999999999999999,34.6,0.3426283940421045,113.68111414448094,1.07,23.21,0.75,18.99
4.2602108001708986e-05,0.09,0.04,0.82,0.14,0.15,0.25,2.9,114.42585877369405,0.806,150,1.075,21.73,0.74,17.28
0.000992,0.09,0.04,0.82,0.14,0.15,0.25,2.9,131.7,0.806,150,1.11,22.09,0.757,18.55
0.000992,0.09,0.04,0.82,0.14,0.15,0.25,2.9,131.7,0.806,150,1.113,22.39,0.778,19.38
0.000992,0.09,0.04,0.82,0.14,0.15,0.25,2.3730383289183976,131.7,0.806,150,1.089,22.4,0.764,18.62
0.000992,0.09,0.04,0.82,0.14,0.15,0.25,2.9,131.7,0.806,150,1.073,22.74,0.727,17.74
0.000992,0.1,0.05,0.81,0.14,0.15,0.25,2.9,131.7,0.806,100,1.09,22.62,0.779,19.2
3.3e-05,0.1,0,0,1,0,0.28703001071204404,0.8999999999999999,34.6,0.2448,100,1.05,20.3,0.68,14.6
3.339490699768067e-05,0.1,0,0,1,0,0.26773717837225103,0.8999999999999999,34.6,0.322368108,100,1.09,20.9,0.73,16.6
0.000992,0.16,0,0,1,0,0.25,2.9,131.7,0.806,100,1.105,22.6,0.72,17.98
0.000992,0.12,0.05,0.81,0.14,0.15,0.25,2.9,131.7,0.806,100,1.074,22.44,0.75,18.08
0.000992,0.12,0.05,0.81,0.14,0.15,0.25,2.9,131.7,0.806,100,1.1,22.55,0.7632,18.96
0.000992,0.12,0.05,0.81,0.14,0.15,8.970576748309556e-05,2.9,131.7,0.806,113.20632738289285,1.13,23.56,0.778,20.71
0.000992,0.11530565202721953,0.05,0.81,0.14,0.15,0.25,2.9,114.15607160296892,0.806,112.53649485078981,1.114,23.05,0.7681,19.72
0.000992,0.12,0.024914282,0.7955031005331277,0.14,0.15,0.25,2.9,131.7,0.8439510268576742,100,1.099,22.94,0.7896,19.9
3.3e-05,0.09,0.05,0.79,0.16,0.17,1.0396960385055674,2.394099065466881,131.7,0.806,114.16034443236667,1.09,22.63,0.774,19.09
3.3e-05,0.10760857077392935,0.05,0.7692097964993715,0.16,0.17,0.25,2.2326033222124577,153.7,1.52,110,1.1,22.78,0.775,19.42
0.000992,0.1,0,0,1,0,0.133333333,2.9,114.48573670625896,0.806,100,1.082,22.65,0.732,17.95
0.000992,0.1,0,0,1,0,0.133333333,2.9,131.7,0.806,100,1.092,22.98,0.752,18.86
0.000992,0.11413841059300302,0,0,1,0,0.133333333,2.9,131.7,0.806,100,1.063,22.42,0.707,16.87
0.000992,0.1,0,0,1,0,0.133333333,2.9,131.7,0.6503546286032796,100,1.071,22.63,0.733,17.77
0.000992,0.1,0,0,1,0,0.133333333,2.9,131.7,0.806,113.4641323744263,1.079,22.68,0.738,18.06
0.000992,0.11853187026053666,0.009179942,0,1,0,0.133333333,2.9,131.7,0.806,100,1.075,22.45,0.724,17.5
0.000992,0.1,0,0,0.9309757720926999,0,0.133333333,2.475731971017659,114.24556649964117,0.638465579,100,1.062,22.14,0.715,16.84
0.000992,0.08,0,0,1,0,0.25,0.7,77.1,0.42299999999999993,100,1.06,20.67,0.65,14.24
0.000992,0.08,0,0,1,0,0.25,0.7,77.1,0.42299999999999993,100,1.09,21.77,0.72,17.08
0.000992,0.1,0,0.85,0.15,0.15,0.25,2.9,131.7,0.806,130,1.1,21.17,0.674,15.69
0.000992,0.1,0,0.85,0.15,0.15,0.25,2.9,131.7,0.806,130,1.14,21.31,0.7589,18.44
3.3e-05,0.13,0.05,0.7885,0.16119955208760497,0.17,0.25,2.9,131.7,0.806,113.61109060733199,1.103,21.75,0.71,17.04
3.3e-05,0.1112351545560658,0,0.83,0.17,0.17,0.25,2.9,131.7,0.806,150,1.064,22.32,0.685,16.28
3.3e-05,0.1,0,0.83,0.17,0.17,0.25,2.9,131.7,0.806,150,1.108,23.05,0.714,17.87
3.3e-05,0.11577080051216482,0,0.7832269156190156,0.20235028236335514,0.17,0.25,2.3523414192515615,131.7,0.806,150,1.097,22.66,0.706,17.68
3.3e-05,0.1,0,0.83,0.17,0.17,0.25,2.9,131.7,0.806,150,1.137,23.19,0.737,19.03
3.941681671142579e-05,0.1,0.019362430237859485,0.83,0.17,0.17,0.25,2.9,131.7,0.806,150,1.077,22.91,0.669,16.53
3.3e-05,0.1,0,0.83,0.17,0.17,0.25,2.9,131.7,0.806,150,1.125,23.35,0.703,18.05
3.3e-05,0.11093911404687165,0,0,1,0,1.659347074259215,2.9,131.7,0.806,100,1.06,23.41,0.7,17.37
3.3e-05,0.066,0,0,1,0,0.428571429,2.9,131.7,0.806,100,1.06,22.96,0.74,18.01
0.000992,0.1,0,0.83,0.172453129,0.17,0.25,2.9,131.7,0.806,100,1.148,21.86,0.777,19.5
0.000992,0.12315528483885525,0.05,0.10287193810361622,0.9,0.017,0.25,2.4908970431528092,131.7,0.806,113.38457805451424,1.13,22.69,0.727,18.64
0.000992,0.11437940311539171,0.05,0.05,0.9,0.017,0.25,2.9,131.7,0.806,100,1.13,22.25,0.755,18.98
0.000992,0.12,0.05,0.05,0.9,0.017,0.25,2.9,131.7,0.806,113.85340137135279,1.1,23.21,0.786,20.07
0.000992,0.12,0.05,0.05,0.9,0.048717298,0.25,2.9,131.7,0.806,112.85508316935432,1.09,22.72,0.773,19.15
0.000992,0.12,0.05,0.05,0.9,0.051125301,0.25,2.9,131.7,0.806,100,1.08,21.56,0.702,17.37
4.28060417175293e-05,0.12,0.05,0.05,0.9,0.017,0.25,2.9,131.7,0.806,100,1.1,21.61,0.728,17.8
0.000992,0.12,0.05,0.05,0.9,0.017,0.25,2.9,131.7,0.806,100,1.06,22.77,0.75,19.43
0.000992,0.12,0.05,0.05,0.9,0.017,0.25,2.9,131.7,0.806,100,1.05,22.15,0.742,18.19
3.34013729095459e-05,0.09,0,1,0,0,0.428571429,0.8999999999999999,116.75617042504572,0.2448,180,1.01,20.5,0.629,13.02
0.000992,0.09,0,0.75,0.25,0.166,0.25,2.9,131.7,0.806,100,1.12,22.41,0.677,17.01
0.000992,0.09,0.021520067404597994,0.75,0.25,0.166,0.25,2.9,131.7,0.806,100,1.13,22.8,0.704,18.14
0.000992,0.09,0,0.75,0.25,0.166,0.25,2.9,131.7,0.806,100,1.14,22.51,0.79,20.28
0.000992,0.11729865528488158,0,0,1,0,0.25,2.5004236330877543,110.6,0.56,100,1.03,21.5,0.712,15.8
0.000992,0.1,0,0,1,0,0.000102307,2.7,110.6,0.56,100,1.07,22.6,0.756,18.3
0.000992,0.11781993030497431,0.05,0.79,0.16,0.17,0.25,2.9,131.7,0.806,100,1.17,23,0.71,20
3.3e-05,0.16,0.05,0.79,0.16,0.17,0.25,2.9,131.7,0.806,100,1.1,22.9,0.69,17.5
0.000992,0.16,0.022374659868001936,0.79,0.16,0.17,0.25,2.9,131.7,0.806,100,1.13,22.1,0.69,17.3
3.3e-05,0.11477486617174744,0.2,0.8,0.086990324,0.05,0.25,2.9,131.7,0.806,100,1.07,22.7,0.768,18.64
3.3e-05,0.09,0.2,0.8,0,0.05,0.25,2.9,131.7,0.806,100,1.115,22.82,0.7882,20.05
3.3e-05,0.11095125822106003,0,0.85,0.15,0.15,0.111111111,2.9,131.7,0.806,150,1.082,22.87,0.762,18.86
3.3e-05,0.1,0,0.85,0.15,0.15,0.111111111,2.9,131.7,0.806,115.40410264225751,1.1,23.11,0.761,19.35
3.3e-05,0.1,0,0.85,0.15,0.15,0.111111111,2.9,131.7,0.806,150,1.122,23.45,0.764,20.09
3.3e-05,0.1,0,0.85,0.15,0.14846894,0.111111111,2.9,113.7989024487207,0.806,150,1.121,23.27,0.766,19.46
3.3e-05,0.0813,0,0,1,0,0.25,2.434086977621198,131.7,0.806,114.36083061686975,0.99,19.82,0.7,13.61
3.3e-05,0.0813,0,0,1,0,0.25,2.9,131.7,0.806,100,1.11,20.53,0.75,16.84
5.143791961669923e-05,0.11,0.05,0.79,0.16,0.17,0.25,0.8999999999999999,34.6,0.2448,112.9174534700631,1.07,21.9,0.714,16.76
0.000992,0.1,0,0,1,0,0.25,2.9,131.7,0.806,130,1.11,23.9,0.758,20.09
0.000992,0.11803958998158573,0,0,1,0,0.25,2.9,131.7,0.7098761098451615,130,1.05,22.4,0.725,17.17
0.000992,0.1,0,0.073422654,1,0,0.25,2.9,131.7,0.806,130,1.02,22.55,0.704,16.19
0.000992,0.11386947386357187,0,0,1,0.045576649,0.25,2.9,131.7,0.806,130,1.09,22.41,0.75,18.32
0.000992,0.11695905262836813,0,0,0.929528927,0,0.25,2.9,131.7,0.806,130,1.09,23.16,0.752,18.99
0.000992,0.1,0,0,1,0,0.25,2.9,131.7,0.806,130,1.1,23.96,0.758,19.98
3.427055168151856e-05,0.1,0,0,1,0,1.2598786511737214,2.9,113.67807565500843,0.806,130,1.1,22.93,0.751,18.93
0.000992,0.1475,0,0.85,0.15,0.15,0.25,0.7,77.1,0.42299999999999993,112.8280688540459,1.002,22.29,0.696,15.54
0.000992,0.1475,0,0.85,0.15,0.15,0.25,2.508477057938159,77.1,0.42299999999999993,120,1.047,22.2,0.708,16.45
0.000992,0.1475,0,0.7955623476092815,0.15,0.15,0.25,0.7,77.1,0.42299999999999993,120,1.059,22.35,0.737,17.43
0.000992,0.1475,0,0.85,0.15,0.15,1.758959282451211e-05,0.7,77.1,0.42299999999999993,120,1.052,22.39,0.717,16.88
4.168855476379395e-05,0.1475,0,0.85,0.15,0.15,0.25,0.7,77.1,0.42299999999999993,114.22611219785028,1.05,21.8,0.68,15.8
0.000992,0.1475,0.024362698790222403,0.85,0.15,0.15,0.25,0.7,77.1,0.42299999999999993,120,1.05,22.3,0.74,17.8
0.000992,0.1475,0,0.85,0.15,0.15,0.25,0.7,77.1,0.42299999999999993,120,1.02,22.3,0.7,15.9
0.000992,0.1475,0.026751751915961502,0.85,0.15,0.15,0.25,2.511906543530345,77.1,0.42299999999999993,120,0.93,22.1,0.68,14.1
4.161545562744141e-05,0.1475,0,0.85,0.15,0.15,0.25,0.7,77.1,0.42299999999999993,113.90017462653597,1.065,22.58,0.756,18.2
3.3e-05,0.1,0.05,0.79,0.16,0.13835092736944557,0.8526600041616194,2.9,131.7,0.806,100,1.102,20.65,0.746,16.99
3.3e-05,0.1,0.05,0.79,0.16,0.17,0.25,2.9,131.7,0.806,100,1.105,21.3,0.75,17.65
0.000154258,0.1,0.05,0.79,0.16,0.13557678754287958,0.25,2.9,113.26303294128539,0.806,100,1.108,21.17,0.748,17.58
3.3e-05,0.11416234876334666,0.05,0.7694026773227453,0.16,0.17,0.25,2.9,131.7,0.806,100,1.11,21.8,0.751,18.17
3.3e-05,0.1,0.05,0.79,0.16,0.17,0.25,2.9,131.7,0.806,100,1.114,22.07,0.75,18.44
3.4314296722412114e-05,0.1,0.05,0.79,0.16,0.17,0.7615227725946424,2.9,131.7,0.806,100,1.115,22.51,0.756,18.96
3.3e-05,0.1122921879597008,0.05,0.79,0.16,0.17,0.25,2.9,131.7,0.806,100,1.126,23.15,0.767,19.99
3.3e-05,0.11144610180321335,0.05,0.79,0.16,0.17,0.25,2.9,131.7,0.806,100,1.127,23.22,0.771,20.17
3.3e-05,0.1,0.05,0.79,0.16,0.17,0.25,2.9,131.7,0.806,100,1.121,22.3,0.759,19.25
3.3e-05,0.1,0.05,0.79,0.16,0.17,0.25,2.9,113.3987369590887,0.806,113.78082079492593,1.122,23.04,0.76,19.65
3.3e-05,0.09,0,0,1,0,0.111111111,0.8999999999999999,34.6,0.2448,100,1.057,23.36,0.69,17.03
3.3e-05,0.09,0,0,1,0,0.111111111,0.8999999999999999,34.6,0.2448,100,1.07,23.45,0.612,15.35
0.000992,0.11944548474892973,0,0.7901736054956913,0.20817172482839225,0,0.428571429,2.9,131.7,0.806,100,1.148,22.83,0.725,19.01
0.000992,0.1,0,0,1,0.046642411652594806,0.428571429,2.9,131.7,0.806,100,1.167,22.83,0.768,20.47
0.000992,0.1,0,0,1,0,0.25,2.5314610701674223,34.6,0.2448,100,1.087,22.41,0.742,18.08
0.000992,0.1,0,0,1,0,2.4529453883597097e-05,0.8999999999999999,34.6,0.2448,100,1.146,23.42,0.782,21.01
0.000992,0.1,0,0,1,0,0.25,2.5237439348429445,34.6,0.2448,100,1.13,23.2,0.77,20.17
3.8892362594604495e-05,0.04,0.05,0.49,0.16,0.17,0.9817747063104906,2.9,110.60456851146614,0.806,110.61068664665166,1.09,23.54,0.604,15.43
0.000992,0.14999999999999997,0,0,1,0.049121195,7.140149758779546e-05,2.9,131.7,0.806,110,1.02,22.11,0.648,14.61
0.000992,0.14999999999999997,0,0,1,0,0.111111111,2.460083743459404,131.7,0.806,110,1.06,22.24,0.663,15.63
0.000992,0.14999999999999997,0,0,1,0.047833717,0.111111111,2.9,131.7,0.806,110,1.09,22.35,0.703,17.13
0.000992,0.11420308147215842,0.05,0.79,0.16,0.17,0.25,2.9,131.7,0.806,110,1.1,22.79,0.722,18.1
0.000992,0.11402757224196194,0.05,0.79,0.16,0.17,0.25,2.9,131.7,0.806,110,1.15,22.98,0.762,20.14
0.000992,0.1,0.05,0.8075,0.1425,0.15,0.25,0.7,77.1,0.42299999999999993,120,1.11,21.98,0.78,19.04
0.000992,0.1,0.05,0.8075,0.1425,0.15,0.25,0.7,77.1,0.42299999999999993,120,1.09,21.65,0.76,18.5
0.000992,0.06,0.05,0.8075,0.1425,0.15,0.25,2.450478213104725,131.7,0.806,100,1.03,22.9,0.75,17.7
0.000992,0.06,0.05,0.8075,0.1425,0.15,0.25,2.9,131.7,0.806,100,1.04,23.7,0.77,19
0.000992,0.06,0.05,0.8075,0.1425,0.15,0.25,2.9,131.7,0.806,100,1.05,24.2,0.79,20.1
0.000992,0.06,0.05,0.8075,0.1425,0.15,0.25,2.9,131.7,0.806,100,1.02,23.8,0.78,18.9
0.000992,0.06,0.05,0.8075,0.1425,0.15,0.25,2.9,131.7,0.806,100,0.99,23.4,0.73,16.9
0.000992,0.06,0.05,0.8075,0.1425,0.15,0.25,2.426850161,131.7,0.806,100,1.03,23.3,0.77,18.5
0.000992,0.11606158835086225,0.05,0.8075,0.1425,0.14953020318692922,0.25,2.9,131.7,0.806,100,1.05,24.4,0.8,20.5
0.000992,0.09,0,0.83,0.1688152451662421,0.1,0.25,2.375594296208501,131.7,0.806,150,1.12,24.62,0.77,21.27
0.000992,0.09,0.021166543391764162,0.83,0.14846661632382868,0.1,0.25,2.9,131.7,0.806,150,1.14,24.98,0.77,22.09
0.000992,0.045,0,0.3,0.7,0,0.428571429,0.7,77.1,0.42299999999999993,113.38905734359896,1.02,23.28,0.735,17.44
0.000992,0.045,0,0.3,0.7,0,0.428571429,0.7,77.1,0.4224806170553863,100,1.03,22.88,0.701,16.52
0.000992,0.045,0,0.24394366697618364,0.7,0,0.428571429,0.7,77.1,0.42299999999999993,100,1.06,23.2,0.728,17.95
0.000992,0.11942979677304624,0,0.2492824603475034,0.7,0,0.428571429,0.7,77.1,0.42299999999999993,100,1.04,22.96,0.719,17.27
0.000992,0.045,0,0.3,0.7,0,0.428571429,0.7,77.1,0.42299999999999993,100,1.07,23.74,0.773,19.64
0.000992,0.045,0,0.3,0.7,0,0.428571429,0.7,77.1,0.42299999999999993,100,1.06,23.32,0.758,18.79
3.3e-05,0.125,0,0,1,0,0.111111111,0.8999999999999999,34.6,0.2448,100,1.09,23.1,0.773,19.5
3.3e-05,0.125,0,0,1,0,0.111111111,0.8999999999999999,116.73666215843608,0.2448,115.61915322180855,1.051,22.1,0.75,17.4
0.000992,0.16,0,0.83,0.17,0.17,0.25,2.9,131.7,0.806,100,1.16,21.7,0.72,19.1
0.000141792,0.16,0,0.83,0.15426073003190754,0.17,0.25,2.9,115.57513880673577,0.806,100,1.14,22.7,0.71,19.5
0.000992,0.16,0.05,0.79,0.16,0.17,7.447756459483884e-05,2.9,131.7,0.806,100,1.175,22,0.703,18.7
0.000992,0.16,0.05,0.79,0.16,0.1325230119660795,0.25,2.9,131.7,0.6559646088573039,100,1.176,22.7,0.725,19.3
0.000992,0.16,0.05,0.79,0.16,0.17,0.25,2.9,116.01374918527623,0.806,100,1.133,21.1,0.633,15.1
0.000992,0.16,0.05,0.79,0.16,0.17,0.25,2.9,131.7,0.806,100,1.116,21.9,0.655,16.7
0.000992,0.16,0.05,0.79,0.16,0.17,0.25,2.9,131.7,0.806,100,1.169,21.4,0.769,19.3
3.3e-05,0.16,0.05,0.85,0.1,0.13,4,2.9,131.7,0.806,100,1.079,23.5,0.69,17.4
3.3e-05,0.16,0.05,0.85,0.1,0.14851120014184716,4,2.9,131.7,0.806,112.21166145552733,1.034,23,0.59,14.1
3.3e-05,0.16,0.05,0.85,0.1,0.13,4,2.9,131.7,0.806,100,1.07,22.3,0.72,17.4
3.3e-05,0.09,0.05,0.79,0.16,0.17,0.25,2.9,113.74661508428395,0.806,100,1.06,20.48,0.687,14.9
3.3e-05,0.1,0,0,1,0.049709673,0.428571429,2.9,131.7,0.806,100,1.06,22.42,0.75,17.82
0.000992,0.16,0,0.85,0.15,0.15,0.25,0.3,82.3,0.43966877483725547,120,1.049,20.82,0.685,14.95
0.000992,0.16,0,0.85,0.15,0.15,0.25,2.9,131.7,0.806,120,1.03,19.72,0.639,12.99
0.000992,0.16,0,0.85,0.15,0.15,0.25,0.7,77.1,0.42299999999999993,120,1.011,21.15,0.695,14.86
0.000992,0.16,0,0.85,0.15,0.15,0.25,0.7,77.1,0.42299999999999993,120,1.027,22.33,0.728,16.69
3.3e-05,0.09,0,0,1,0.048087723,0.13,0.8999999999999999,34.6,0.2448,100,1.059,21.96,0.64,14.88
3.3e-05,0.09,0,0,1,0,0.13,0.8999999999999999,34.6,0.2448,100,1.071,22.72,0.75,18.25
3.3e-05,0.1115975047776103,0,0,1,0,0.111111111,2.9,131.7,0.806,100,1.085,22.33,0.7743,18.76
4.29455738067627e-05,0.1,0,0,1,0,0.111111111,2.9,113.07525863916337,0.806,100,1.006,21.55,0.708,15.34
3.3e-05,0.09,0,0.85,0.1615730649676025,0.1415100692677796,0.25,2.9,131.7,0.806,100,1.14,21.08,0.745,17.91
0.000992,0.16,0.05,0.79,0.16,0.1,0.25,2.9,116.33797281360685,0.806,100,1.14,22,0.77,19.3
0.000992,0.16,0.05,0.79,0.16,0.1,0.25,2.9,131.7,0.806,100,1.12,20.4,0.71,17
0.000992,0.16,0.05,0.79,0.16,0.1,0.25,2.9,131.7,0.806,100,1.14,21.7,0.685,18
0.000992,0.16,0.05,0.79,0.16,0.1,0.25,2.9,131.7,0.806,100,1.125,21.8,0.67,16.9
3.609356689453125e-05,0.1,0,0,1,0,0.111111111,0.8999999999999999,34.6,0.2448,100,0.98,19.92,0.685,13.4
3.3e-05,0.07,0.05,0.79,0.17070188307163117,0.17,0.25,2.9,131.7,0.806,100,1.04,21.8,0.73,16.6
3.3e-05,0.07,0.05,0.79,0.16608415761154888,0.17,0.25,2.9,131.7,0.806,100,1.06,23.07,0.7553,18.95
3.3e-05,0.1,0,0,1,0,0.428571429,2.9,131.7,0.806,100,1.05,23.2,0.71,17.4
3.3e-05,0.1,0,0,1,0,0.428571429,2.9,131.7,0.806,100,1.06,24,0.71,18
3.372446823120117e-05,0.1,0,0,1,0,0.428571429,2.9,131.7,0.729018252,100,1.06,21.3,0.72,16.3
3.3e-05,0.1,0,0,1,0,0.428571429,2.4294031237526537,131.7,0.806,100,1,22.3,0.7,15.7
0.000992,0.1,0.05,0.79,0.16,0.17,0.25,0.7,77.1,0.42299999999999993,120,1.12,21.58,0.74,17.87
0.000992,0.1,0.05,0.79,0.16,0.17,1.4144758411288907e-05,0.7,77.1,0.42299999999999993,120,1.08,20.98,0.72,16.33
0.000992,0.16,0.05,0.7885,0.1615,0.17,0.25,2.9,131.7,0.6555619356930256,100,1.14,21.9,0.75,18.9
3.3e-05,0.09,0,0.85,0.1592583162730038,0.14540364616674187,0.25,2.9,131.7,0.7293928387472034,100,1.06,22.87,0.68,16.6
5.397295761108399e-05,0.16,0,0.83,0.17,0.17,0.25,2.9,131.7,0.806,100,1.127,21.21,0.708,17.42
0.000992,0.11943455919429659,0.05,0.79,0.16,0.17,0.25,2.4635252453522685,131.7,0.806,100,1.143,21.9,0.718,18.57
0.000180878,0.11571781157219409,0.05,0.79,0.16,0.13968382400286197,0.25,2.9,131.7,0.806,100,1.16,21.69,0.728,18.11
0.000992,0.16,0,0.83,0.17,0.17,0.25,2.9,131.7,0.806,100,1.143,21.98,0.678,18.03
0.000992,0.16,0,0.83,0.17,0.17,0.25,2.9,131.7,0.806,100,1.139,21.8,0.699,18.08
0.000992,0.16,0,0.83,0.17,0.17,0.25,2.9,131.7,0.806,100,1.15,21.01,0.71,18.17
3.3e-05,0.052,0,0,1,0,0.088888889,0.8999999999999999,34.6,0.2448,100,1,22.6,0.736,16.68
3.3e-05,0.052,0,0,1,0,0.111111111,0.8999999999999999,34.6,0.2448,100,1.03,23.14,0.749,17.93
3.3e-05,0.052,0,0,1,0,0.133333333,0.8999999999999999,34.6,0.2448,100,1.064,23.96,0.763,19.13
3.503338623046875e-05,0.052,0,0,1,0,0.155555556,0.8999999999999999,34.6,0.2448,100,0.987,23.11,0.7,15.99
0.000992,0.1,0.017360883358985182,0.7810958090186119,0.1425,0.15,0.428571429,2.376585974800587,153.7,1.145172701564312,150,1.14,21.5,0.79,19.4
0.000992,0.14,0.05,0.8075,0.1425,0.15,0.428571429,2.1,153.7,1.52,150,1.067,21.27,0.766,17.38
0.000992,0.14,0.05,0.8075,0.1425,0.15,0.428571429,2.1,153.7,1.52,150,1.071,21.13,0.799,18.24
0.000992,0.25,0.05,0.8075,0.1425,0.15,4.936591623745609e-05,2.1,119.32926448043585,0.6945894553117454,150,1.072,21.16,0.761,17.27
0.000992,0.25,0.05,0.8075,0.1425,0.15,0.428571429,2.1,153.7,1.52,150,1.077,21.22,0.793,18.13
0.000992,0.5,0.025145318357169627,0.8075,0.1425,0.12898795772248509,0.428571429,2.1,153.7,1.52,150,1.095,21.25,0.714,16.53
0.000992,0.5,0.05,0.8075,0.17553019195228814,0.15,0.428571429,2.1,153.7,1.52,150,1.093,21.22,0.764,17.71
0.000992,0.102,0,0.85,0.15,0.15,0.25,2.9,131.7,0.806,113.98546887377819,1.09,22.7,0.749,17.95
0.000992,0.102,0,0.85,0.15,0.15,9.682315305176963e-05,2.9,131.7,0.806,130,1.1,23.19,0.7693,19.45
0.000992,0.102,0,0.85,0.14241647060808538,0.15,0.000120939,2.9,131.7,0.806,113.36090308945161,1.06,22.04,0.7382,17.21
3.3e-05,0.06,0.024256564845085142,0.81,0.14,0.15,0.25,2.9,131.7,0.806,100,1.04,23.85,0.68,16.91
3.3e-05,0.06,0.05,0.81,0.13261075167876482,0.15,0.25,2.9,131.7,0.806,113.03294045031757,1.04,23.28,0.68,16.68
0.000992,0.1,0.022055378860563038,0.79,0.16,0.17,0.25,2.7,110.6,0.56,113.0592797430194,1.17,21.1,0.744,18.3
3.3e-05,0.1179865450131297,0.013215073159039019,0.79,0.18385771421298383,0.17,0.25,2.7,110.6,0.56,150,1.16,18.8,0.65,14.4
3.3e-05,0.11522211355563997,0.05,0.79,0.16,0.17,0.25,2.4086861869180205,131.7,0.806,100,1.01,22.26,0.76,18.58
3.3e-05,0.37,0.05,0.79,0.16,0.17,0.25,2.9,131.7,0.806,100,1.142,22.99,0.76,20.02
3.3e-05,0.37,0.05,0.79,0.16,0.17,0.25,2.9,131.7,0.806,100,1.116,22.48,0.77,19.23
3.3e-05,0.37,0.05,0.79,0.16,0.17,0.8155797833668577,2.9,131.7,0.806,100,1.103,22.41,0.75,18.48
3.3e-05,0.11410131973573565,0.05,0.79,0.16,0.17,0.25,2.443489399115801,131.7,0.806,100,1.142,23.38,0.75,20.07
3.3e-05,0.37,0.05,0.79,0.16,0.17,0.25,2.9,117.83742478509134,0.806,100,1.104,22.39,0.75,18.79
5.583245086669922e-05,0.1176626723538637,0.05,0.79,0.16,0.14287011587119103,0.25,2.484192614946604,131.7,0.806,100,1.12,22.78,0.77,19.43
3.3e-05,0.37,0.05,0.79,0.16,0.17,0.25,2.9,131.7,0.806,113.72624678180576,1.16,23.12,0.77,20.07
3.3e-05,0.11311329941886662,0,0.83,0.17,0.17,0.25,2.9,131.7,0.806,100,1.15,21.7,0.75,18.71
3.3e-05,0.16,0.05,0.79,0.16,0.17,0.25,2.9,131.7,0.806,100,1.12,22.7,0.78,19.83
3.3e-05,0.049,0.021178718,0.81,0.14,0.15,0.25,2.9,131.7,0.806,100,1.14,21,0.716,17.2
3.3e-05,0.049,0.05,0.81,0.15159678717669844,0.15,0.25,2.9,131.7,0.806,100,1.151,22.1,0.765,19.5
3.3e-05,0.049,0.05,0.81,0.1514022672239542,0.15,0.25,2.9,131.7,0.806,100,1.144,22.2,0.784,19.9
3.3e-05,0.049,0.05,0.81,0.14,0.15,0.25,2.9,131.7,0.6882357574637532,100,1.145,22.1,0.784,19.8
3.3e-05,0.049,0.05,0.81,0.14,0.15,0.25,2.9,131.7,0.6898111419916749,100,1.129,21.6,0.76,18.5
3.3e-05,0.11348912449112533,0.05,0.81,0.14,0.15,0.25,2.9,131.7,0.806,100,1.151,23,0.789,20.9
3.3e-05,0.049,0.05,0.81,0.14,0.15,1.099538740871632,2.9,131.7,0.806,100,1.062,21.7,0.694,16.4
3.3e-05,0.049,0.05,0.81,0.14,0.15,0.25,2.9,131.7,0.806,100,1.115,21.7,0.748,18.1
3.3e-05,0.049,0.05,0.81,0.14,0.15,0.25,2.9,131.7,0.806,100,1.17,21.7,0.794,20.1
3.3e-05,0.07,0,0,1,0,0,0.8999999999999999,34.6,0.2448,100,1.084,22.11,0.58,13.92
3.3e-05,0.11244196610802411,0,0,1,0,0.25,2.9,131.7,0.806,115.74473424872303,1.17,22.98,0.768,20.65
3.3e-05,0.16,0,0,1,0,1.4258077344391697,2.3951401444061995,131.7,0.806,100,1.082,22.34,0.748,18.08
0.000992,0.06,0.05,0.79,0.16,0.17,0.25,2.9,131.7,0.7073175544107556,100,1.12,23.05,0.77,19.88
3.3e-05,0.049,0.05,0.81,0.14,0.15,0.25,2.9,131.7,0.806,100,1.11,22,0.783,19.1
3.3e-05,0.049,0.05,0.81,0.14,0.15,0.25,2.9,114.149125,0.806,100,1.16,23,0.788,21
4.213315773010254e-05,0.049,0.05,0.81,0.14,0.15,0.25,2.9,131.7,0.806,100,1.11,22,0.774,18.9
3.3e-05,0.049,0.05,0.81,0.14,0.15,0.25,2.9,113.17515890949466,0.806,100,1.1,22.4,0.751,18.6
3.3e-05,0.049,0.05,0.81,0.14,0.15,0.25,2.480236081055224,131.7,0.6930342927123606,100,1.11,21.8,0.766,18.6
3.3e-05,0.1,0.05,0.79,0.16,0.17,0.25,2.9,131.7,0.806,100,1.08,19.27,0.736,15.31
3.3e-05,0.09,0,0.85,0.15,0,2.333333333,2.9,131.7,0.806,150,1.05,24.44,0.714,18.32
3.3e-05,0.09,0,0.85,0.15,0,2.333333333,2.9,131.7,0.806,150,1.06,24.84,0.727,19.16
3.3081225098110735e-05,0.09,0,0.85,0.15,0,2.333333333,2.9,131.7,0.806,150,1.07,24.78,0.746,19.84
3.3e-05,0.09,0,0.85,0.15,0,2.333333333,2.9,131.7,0.806,150,1.05,24.75,0.729,19.03
3.302412513247691e-05,0.09,0,0.8094514358239173,0.15,0,2.333333333,2.4028442620716097,131.7,0.806,150,1.04,24.82,0.734,18.93
0.000992,0.1,0.05,0.7725025987881421,0.16,0.17,0.25,2.9,131.7,0.806,100,1.1,23.2,0.74,18.83
0.000992,0.1,0.05,0.79,0.16,0.17,7.952584619144737e-05,2.9,131.7,0.806,100,1.12,22.95,0.75,19.43
0.000992,0.1,0.05,0.79,0.157957831,0.17,0.25,2.9,131.7,0.806,100,1.14,23.76,0.76,20.62
3.3e-05,0.1,0,0.83,0.17,0.17,0.25,2.4677484743614793,131.7,0.806,100,0.99,22.85,0.67,15.03
3.3e-05,0.1,0,0,1,0,1.6544187401514665,2.9,131.7,0.806,110,1.058,21.84,0.717,16.53
3.3e-05,0.1,0,0,1,0,0.25,2.9,113.02428099143893,0.806,114.75974662561744,1.112,22.32,0.7861,19.51
0.000992,0.059,0.05,0.7668069520516991,0.16,0.17,0.25,2.9,114.87370952925991,0.806,100,1.09,22.08,0.743,17.88
0.000992,0.1,0,0.85,0.15,0.15,0.25,2.9,131.7,0.806,114.30961383538893,1.15,22.54,0.74,19.18
0.000992,0.1,0,0.85,0.15,0.15,0.25,2.9,131.7,0.806,100,1.14,21.67,0.72,17.78
3.3e-05,0.1,0,0.85,0.15,0.15,0.25,2.9,131.7,0.806,100,1.08,20.86,0.72,16.22
3.3e-05,0.1,0,0.85,0.15,0.15,0.25,2.9,131.7,0.806,100,1.09,20.92,0.65,14.95
3.3e-05,0.13,0,0,1,0,0.090909091,2.9,131.7,0.6530730335680246,100,1.09,21.5,0.787,17.4
3.3e-05,0.13,0,0,1,0.046056735,0.090909091,2.9,131.7,0.806,100,1.11,21.6,0.77,18.4
0.000992,0.1,0,0,1,0,0.428571429,2.9,131.7,0.806,100,1.08,21.3,0.619,14.26
0.000992,0.1,0,0,1,0,0.428571429,2.9,131.7,0.806,100,1.03,22.65,0.673,15.74
0.000992,0.1,0,0,1,0,0.428571429,2.9,131.7,0.806,100,1.08,22.23,0.749,17.92
0.000992,0.1,0,0,1,0,0.428571429,2.427565798000336,131.7,0.806,115.00617905085194,1.09,22.85,0.792,19.7
0.000992,0.1,0.011832359,0,1,0,0.428571429,2.9,131.7,0.806,100,1.1,22.98,0.813,20.52
0.000992,0.1,0.000112541,0.85,0.15,0.15,1.7174216830525108e-05,2.3,61.1,5.63,100,1.03,20.02,0.62,13.13
0.000992,0.1,0,0.85,0.15,0.15,0.25,2.3,61.1,5.63,100,1.06,21.15,0.64,15.01
0.000992,0.1,0,0.85,0.15,0.15,1.4763436709534568e-05,2.3,61.1,5.63,100,1.1,21.54,0.65,15.63
0.000992,0.1,0,0.85,0.15,0.15,0.25,2.3,61.1,5.63,100,1.12,21.81,0.66,16.85
3.3e-05,0.09,0.15,0.85,0,0.1,0.25,2.1,153.7,1.52,100,1.109,22.93,0.7647,19.35
3.3e-05,0.09,0.15,0.851021008,0,0.1,0.25,2.1,153.7,1.52,100,1.146,23.06,0.798,21.07
3.3e-05,0.1,0.05,0.79,0.16,0.17,0.25,2.9,131.7,0.806,113.00066453495651,1.03,16.33,0.61,10.27
3.3e-05,0.1,0.05,0.79,0.16,0.17,0.25,2.9,131.7,0.806,100,1,18.49,0.65,12.19
3.3e-05,0.1,0.05,0.79,0.16,0.12941144957059622,0.25,2.9,112.4786211706791,0.806,100,1.06,18.91,0.66,13.19
3.3e-05,0.1,0,0,1,0,0.428571429,2.9,131.7,0.806,65,1.1,22.6,0.782,19.4
3.3e-05,0.04,0,0,1,0,0.111111111,2.509487261660457,34.6,0.2448,100,0.98,18.47,0.692,12.35
3.3e-05,0.04,0,0,1,0,0.111111111,0.8999999999999999,116.27948419379754,0.2448,100,0.98,21.95,0.7051,15.17
3.3e-05,0.04,0,0,1,0,0.111111111,0.8999999999999999,34.6,0.2448,100,1.01,23.36,0.7311,17.25
3.3e-05,0.04,0,0,1,0,0.111111111,0.8999999999999999,34.6,0.2448,100,0.99,22.52,0.7141,15.92
3.3e-05,0.04,0.008968359,0,1,0,0.111111111,0.8999999999999999,34.6,0.2448,100,1,21.62,0.6744,15.26
3.3e-05,0.1,0.05,0.79,0.16,0.14281705273005368,0.8907584595909039,2.9,131.7,0.806,150,1.07,21.8,0.73,17.8
3.3e-05,0.1,0.05,0.7617550361225605,0.16,0.13851366327631473,0.25,2.9,131.7,0.806,150,1.12,22.5,0.74,18.9
3.3e-05,0.1,0.024822408902466293,0.79,0.16,0.17,0.25,2.9,131.7,0.806,113.1163660919336,1.12,22.8,0.76,19.2
3.3e-05,0.1,0.05,0.79,0.16,0.17,0.25,2.9,114.44962904662162,0.806,150,1.12,23.61,0.78,20.53
0.000992,0.1,0.05,0.79,0.16,0.17,0.25,2.9,131.7,0.806,85,1.1,23.15,0.794,20.24
0.000992,0.1,0.05,0.79,0.15483743534913658,0.17,0.25,2.9,115.04382074577578,0.806,85,1.08,22.23,0.7,16.86
0.000992,0.11858137142729758,0.05,0.79,0.16,0.13628423648661375,0.25,2.9,131.7,0.806,85,1.11,22.67,0.775,19.42
0.000992,0.1,0.05,0.79,0.16,0.13791788385790588,0.25,2.9,131.7,0.806,85,1.06,21.58,0.661,15.23
0.000992,0.1,0.05,0.79,0.16,0.17,0.25,2.9,131.7,0.806,85,1.1,21.22,0.633,14.74
0.000992,0.1,0.05,0.79,0.16,0.17,0.25,2.9,114.75257882338238,0.806,85,1.09,22.09,0.651,15.49
0.000992,0.1,0.05,0.79,0.16,0.17,0.25,2.9,131.7,0.806,85,1.1,22.63,0.77,19.19
0.000992,0.16,0.05,0.79,0.16,0.17,0.25,2.9,131.7,0.806,100,1.17,21.9,0.714,18.3
0.000992,0.16,0.05,0.79,0.16,0.17,0.25,2.9,131.7,0.6776200474393665,113.09133214096104,1.17,21.95,0.72,19.17
0.000992,0.16,0.05,0.79,0.16,0.14119927512717248,0.25,2.9,131.7,0.806,100,1.14,21.72,0.76,19.21
0.000992,0.16,0.05,0.79,0.1738350937644243,0.17,0.25,2.9,131.7,0.806,100,1.18,22.37,0.77,20.46
0.000992,0.16,0.05,0.79,0.16,0.17,0.25,2.9,131.7,0.806,100,1.17,21.95,0.72,19.17
0.000992,0.16,0.05,0.79,0.17711302467945217,0.17,0.25,2.9,131.7,0.6853400093955696,100,1.13,22.7,0.74,19.66
0.000992,0.16,0.05,0.7650834820245503,0.16,0.17,0.25,2.9,131.7,0.806,100,1.12,22.12,0.77,19.94
0.000992,0.11640254969814419,0.024304636,0.79,0.16,0.17,0.25,2.9,131.7,0.806,100,1.18,22.03,0.76,20.44
6.926910209655761e-05,0.16,0.05,0.79,0.16,0.17,0.25,2.9,131.7,0.806,100,1.17,22.59,0.75,20.73
0.000992,0.1,0.05,0.81,0.14,0.15,0.25,2.9,131.7,0.806,110,1.103,22.45,0.725,17.94
0.000992,0.1,0.05,0.81,0.14,0.15,0.25,2.3948651046351195,115.8442168490752,0.806,110,1.147,23.29,0.758,20.23
0.000992,0.1,0.025320139,0.81,0.14,0.15,0.25,2.9,131.7,0.806,110,1.112,23.13,0.742,19.08
0.000992,0.1,0.05,0.81,0.14,0.15,0.25,2.9,114.07960874938422,0.806,110,1.144,22.59,0.735,19
3.3e-05,0.1,0.05,0.79,0.16,0.17,0.25,2.9,115.21475686674023,0.806,100,1.08,22.02,0.72,17.12
3.3e-05,0.1,0.05,0.79,0.16,0.17,0.25,2.9,131.7,0.6857824844509364,100,1.09,22.1,0.73,17.63
3.3e-05,0.1,0.05,0.79,0.16,0.17,0.25,2.9,131.7,0.806,100,1.1,22.12,0.74,18.16
3.3e-05,0.11609527547764777,0.05,0.7749463916677236,0.16,0.17,0.25,2.9,131.7,0.806,113.16769016177574,1.12,22.72,0.76,19.43
3.3e-05,0.1,0.05,0.79,0.16,0.17,0.25,2.9,131.7,0.806,100,1.11,22.55,0.74,18.73
3.3e-05,0.1,0.05,0.79,0.16,0.17,0.25,2.9,131.7,0.806,100,1.1,20.89,0.73,17.05
3.3e-05,0.1,0.05,0.79,0.16,0.17,0.25,2.9,131.7,0.806,100,1.11,22.5,0.748,18.76
3.3e-05,0.1,0.05,0.79,0.16,0.17,0.25,2.9,131.7,0.806,113.4092364962222,1.08,21.48,0.712,16.67
0.000992,0.1,0,0.7991677765725255,0.15,0.15,0.25,2.9,131.7,0.806,113.35080904279161,1.07,22.21,0.736,17.49
0.000992,0.1,0.05,0.79,0.16,0.17,1.2418232424282378e-05,0.8999999999999999,34.6,0.2448,100,1.09,22.68,0.745,18.43
0.000992,0.1,0.05,0.79,0.16,0.17,0.25,2.55345574,34.6,0.2448,100,1.1,22.54,0.646,18.5
0.000992,0.1,0.05,0.79,0.16,0.17,0.25,0.8999999999999999,34.6,0.2448,100,1.11,22.72,0.751,18.95
0.000992,0.1,0.05,0.79,0.16,0.17,0.25,0.8999999999999999,34.6,0.2448,100,1.11,22.72,0.751,18.95
0.000992,0.1,0.05,0.79,0.16,0.17,0.25,0.8999999999999999,34.6,0.2448,100,1.113,22.82,0.751,19.08
0.000992,0.11616242561727762,0.05,0.79,0.1491347850599289,0.17,0.25,0.8999999999999999,34.6,0.2448,100,1.115,23.39,0.773,20.16
0.000992,0.1,0.05,0.79,0.16,0.17,0.25,0.8999999999999999,34.6,0.2448,100,1.116,24.74,0.72,19.87
0.000992,0.1,0.05,0.79,0.16,0.17,0.25,0.8999999999999999,34.6,0.2448,100,1.116,24.74,0.72,19.87
0.000992,0.1,0.025046806,0.79,0.16,0.17,0.25,0.8999999999999999,34.6,0.2448,100,1.11,21.8,0.76,18.38
0.000992,0.11580861973974108,0.05,0.79,0.16,0.15,0.25,2.9,131.7,0.806,112.41488349324385,1.1,22.1,0.78,19
0.000992,0.18,0.05,0.79,0.16,0.15,0.25,2.9,131.7,0.806,100,1.13,22.6,0.78,20
0.000992,0.18,0.05,0.79,0.16,0.15,6.331157592370034e-05,2.9,116.27585895582592,0.806,100,1.13,23.1,0.81,21.1
0.000992,0.18,0.05,0.79,0.16,0.15,0.25,2.9,131.7,0.6642615377427936,100,1.15,22.6,0.78,20.2
3.3e-05,0.09,0.06,0.7680178812258839,0.15,0.15,0.25,2.2201674523688557,153.7,1.52,110,1.12,22.4,0.806,20.22
3.3e-05,0.09,0.026700320352375503,0.79,0.15,0.15,0.25,2.1,153.7,1.52,110,1.14,22.35,0.825,21.02
3.3e-05,0.09,0.06,0.79,0.15,0.15,0.25,2.1,153.7,1.52,110,1.13,22.1,0.803,20.06
0.000992,0.1,0,0,1,0,2.333333333,2.9,113.94967182671738,0.806,100,0.99,21.72,0.736,15.8
0.000992,0.1,0,0,1,0,2.333333333,2.9,131.7,0.806,100,1.03,21.78,0.742,16.67
0.000992,0.1,0,0,0.9270915123223662,0.082101912,2.333333333,2.9,131.7,0.806,100,1.06,21.6,0.746,17.01
0.000992,0.1,0,0.074230954,1,0,2.333333333,2.9,131.7,0.7519277707291246,100,1.04,21.63,0.728,16.45
0.000992,0.1,0,0.066117383,1,0,2.333333333,2.4476350228497985,131.7,0.806,100,1.08,22.78,0.754,18.2
0.000992,0.1,0,0.85,0.15,0.15,0.5,2.9,131.7,0.806,114.14204282606637,1.13,22.4,0.734,18.67
0.000992,0.1,0,0.85,0.15,0.15,0.5,2.9,131.7,0.806,140,1.15,22.95,0.76,20.03
0.000992,0.1,0,0,1,0,0.111111111,0.8999999999999999,34.6,0.2448,100,1.083,23.01,0.73,18.2
0.000992,0.1,0,0,1,0,0.111111111,0.8999999999999999,34.6,0.2448,100,1.102,23.41,0.7613,19.66
0.000992,0.1,0.010125021903276443,0,1,0,0.111111111,0.8999999999999999,34.6,0.332101275,113.36519909425243,1.112,23.57,0.7688,20.17
0.000992,0.1,0,0.070219855,1,0,0.111111111,0.8999999999999999,118.06434586850352,0.2448,100,1.112,23.29,0.7369,19.21
0.000992,0.1,0,0,1,0,0.111111111,0.8999999999999999,34.6,0.3061921701230407,100,1.092,23.1,0.7478,18.88
3.3e-05,0.07,0.05,0.79,0.16,0.13251238741689922,0.25,2.1,153.7,1.0169605389125347,110,1.14,21.71,0.752,18.65
3.3e-05,0.07,0.05,0.79,0.16,0.17,0.25,2.1,121.9641395374259,1.52,110,1.15,22.42,0.767,19.7
0.000992,0.1,0.05,0.79,0.16,0.17,0.25,2.9,131.7,0.806,105,1.108,21.84,0.73,18.12
3.3e-05,0.1,0.011958907696336507,0.068795392,1,0,0.25,2.9,131.7,0.806,100,1.05,22.77,0.712,17.11
3.3e-05,0.1,0,0,1,0,0.25,2.9,131.7,0.806,100,1.07,22.87,0.749,18.35
3.3e-05,0.1,0,0,1,0.048161364556789404,0.25,2.9,131.7,0.806,100,1.1,22.89,0.771,19.41
3.3e-05,0.1,0,0,1,0,0.25,2.9,131.7,0.806,114.64608801785364,1.06,22.44,0.738,17.55
5.786211776733399e-05,0.04,0.009956772,0,1,0,0.25,2.9,111.806874,0.806,100,1.05,22.83,0.72,17.23
0.000992,0.11743979103934764,0,0,0.9292542690207958,0,0.25,2.466864441796303,131.7,0.806,100,1.05,22.99,0.73,17.56
0.000992,0.04,0,0,1,0,0.25,2.9,131.7,0.806,100,1.06,23.14,0.75,18.34
0.000992,0.04,0,0,1,0,0.25,2.9,131.7,0.806,100,1.04,23.2,0.71,17.22
0.000992,0.11089536980697512,0,0,1,0,0.000120443,2.9,112.31502235770506,0.806,100,1.02,23.56,0.68,16.34
3.3e-05,0.1,0,0,0.9340718788570165,0,2.333333333,2.9,131.7,0.806,100,1.09,21.1,0.72,16.56
3.3096971208695324e-05,0.1,0,1,0,0,2.333333333,2.9,131.7,0.806,150,1.05,22.7,0.63,15.02
3.3e-05,0.1,0,0,1,0,2.333333333,2.9,131.7,0.806,100,1.09,21.1,0.72,16.56
3.3e-05,0.1,0.018756211322724817,1,0,0,2.333333333,2.9,131.7,0.806,150,1.05,22.7,0.63,15.02
3.3e-05,0.03,0,0.85,0.15,0.15,0.25,2.9,131.7,0.806,150,1.16,20.2,0.71,16.6
3.3e-05,0.03,0,0.85,0.15,0.15,0.25,2.9,131.7,0.806,150,1.17,20.4,0.717,17.1
0.000992,0.1,0.05,0.8075,0.1425,0.15,0.25,2.9,131.7,0.806,100,1.124,23.29,0.7,18.23
0.000992,0.1,0.05,0.7940232349327802,0.1425,0.15,0.25,2.9,131.7,0.806,100,1.131,23.83,0.71,19.15
0.000992,0.1,0.05,0.8075,0.1425,0.15,0.000104969,2.9,131.7,0.806,112.21101325501108,1.173,23.9,0.74,20.73
3.3e-05,0.10609258003297448,0,0.87,0.13,0.13,0.25,2.9,131.7,0.806,100,1.09,22.8,0.8,17.1
3.3e-05,0.1,0,0.87,0.1431696654549837,0.1434328891515434,0.25,2.9,131.7,0.6862453419263363,100,1.15,23.5,0.75,20.4
3.3e-05,0.1,0.05,0.7669034520680904,0.16,0.17,0.25,2.9,114.93967294113446,0.806,100,1.12,22.35,0.72,18.1
3.3e-05,0.1,0.05,0.79,0.1517915455482602,0.13791135713624955,0.25,2.9,131.7,0.806,114.02998013267708,1.14,22.45,0.75,19.46
0.000992,0.1,0,0.83,0.17,0.17,0.25,2.1,153.7,1.52,100,1.13,22.4,0.75,19.2
0.000992,0.1,0,0.83,0.15941698399606347,0.17,0.25,2.1,153.7,1.52,100,1.16,22.7,0.79,20.8
3.3e-05,0.1,0,0,1,0,0.25,2.7,110.6,0.5004576574256122,100,1.03,21.43,0.663,14.53
3.3e-05,0.1,0,0,1,0,0.25,2.7,110.6,0.56,100,1.04,23.27,0.7233,17.47
0.000992,0.1,0,0.3,0.7,0,0.25,0.7,77.1,0.42299999999999993,100,1.09,22.31,0.763,18.55
0.000992,0.1,0.016885310897201296,0.22318138148537275,0.7,0,0.25,2.5077328817614317,77.1,0.42299999999999993,100,1.09,23.46,0.772,19.77
3.3e-05,0.1,0.091,0.758,0.152,0.13868699392998218,0.25,2.9,131.7,0.806,100,1.04,22.23,0.72,16.5
3.503950881958008e-05,0.09,0,0.85,0.15,0.15,0.25,2.9,131.7,0.806,150,1.06,21.65,0.659,15.13
0.000992,0.09,0,0.85,0.15,0.15,0.25,2.9,131.7,0.806,150,1.08,22.36,0.727,17.57
0.000992,0.09,0,0.85,0.15,0.15,0.25,2.9,131.7,0.806,150,1.06,21.66,0.657,15.08
0.000992,0.09,0.015672046049177647,0.85,0.13210297920215128,0.15,0.25,2.9,131.7,0.806,150,1.08,21.51,0.63,14.63
0.000992,0.09,0.017273055563598868,0.85,0.1199267811796367,0.15,0.25,2.483716635925293,115.3525014376533,0.806,111.6174046332711,1.08,21.44,0.632,14.64
0.000992,0.11800779381617903,0,0.85,0.15,0.15,0.25,2.467365121,131.7,0.806,150,1.08,21.01,0.633,14.37
3.475103187561035e-05,0.09,0,0.85,0.15,0.15,0.25,2.9,131.7,0.806,150,1.04,21.17,0.629,13.85
0.000992,0.09,0,0.85,0.15,0.15,0.25,2.9,131.7,0.6589879476650655,150,1.08,21.41,0.649,15.01
0.000992,0.09,0,0.85,0.15,0.15,0.25,2.9,131.7,0.806,150,1.08,21.43,0.636,14.73
0.000992,0.09,0,0.85,0.15,0.15,0.25,2.9,131.7,0.6460512096208334,150,1.08,21.37,0.621,14.34
0.000992,0.09,0,0.85,0.15,0.15,0.25,2.9,131.7,0.806,150,1.06,21.12,0.638,14.28
0.000992,0.11912361510801314,0,0.85,0.15,0.14313893335676195,0.25,2.9,131.7,0.806,150,1.08,21.82,0.64,15.09
0.000992,0.09,0,0.85,0.15,0.15,0.25,2.9,131.7,0.806,150,1.06,21.67,0.653,15.01
0.000992,0.09,0,0.85,0.15,0.15,9.893764570052329e-05,2.9,131.7,0.806,150,1.04,21.41,0.652,14.52
0.000992,0.09,0,0.85,0.15076545056235788,0.15,0.25,2.9,131.7,0.806,150,1.06,21.65,0.659,15.13
0.000992,0.09,0,0.8039585046870708,0.15,0.15,0.25,2.9,131.7,0.806,150,1.06,21.59,0.637,14.59
0.000992,0.09,0,0.85,0.15,0.15,0.25,2.9,131.7,0.806,150,1.06,21.69,0.649,14.93
0.000992,0.09,0.017018773681282996,0.85,0.15,0.15,0.25,2.9,131.7,0.806,150,1.06,21.45,0.621,14.12
0.000992,0.09,0,0.85,0.15,0.1369999406901598,0.25,2.9,131.7,0.7106596293302179,150,1.06,21.66,0.615,14.11
0.000992,0.09,0,0.8052433436946869,0.15,0.15,0.000118181,2.9,131.7,0.806,150,1.04,21.68,0.603,13.6
0.000992,0.09,0,0.85,0.15,0.15,0.25,2.9,131.7,0.806,150,1.06,21.62,0.628,14.39
0.000992,0.09,0.016480176506131886,0.85,0.15,0.15,0.25,2.9,131.7,0.806,150,1.06,21.54,0.62,14.16
0.000992,0.09,0,0.85,0.15191579155454038,0.15,0.25,2.9,131.7,0.806,150,1.06,21.49,0.635,14.16
0.000992,0.09,0,0.85,0.146550713,0.15,0.000124137,2.9,131.7,0.806,150,1.1,22.06,0.678,16.44
0.000992,0.09,0,0.85,0.15,0.15,0.25,2.9,131.7,0.806,150,1.08,22.23,0.701,16.82
0.000992,0.09,0,0.85,0.15,0.15,0.25,2.9,131.7,0.806,150,1.08,22.32,0.708,17.07
0.000992,0.09,0,0.85,0.15,0.15,0.25,2.9,131.7,0.6877538015002906,150,1.08,22.16,0.699,16.73
0.000992,0.09,0,0.85,0.15,0.15,9.910705617961177e-05,2.9,131.7,0.806,150,1.08,22.06,0.703,16.76
0.000992,0.09,0,0.85,0.15,0.15,9.760767814191849e-05,2.9,131.7,0.806,150,1.08,22.22,0.704,16.9
0.000992,0.09,0,0.85,0.15,0.15,0.25,2.9,131.7,0.806,150,1.06,22.32,0.72,17.04
0.000992,0.09,0,0.85,0.15,0.15,0.25,2.9,131.7,0.806,150,1.06,22.2,0.69,16.24
0.000992,0.09,0,0.85,0.15,0.15,0.25,2.9,115.57313443364566,0.806,150,1.08,22.08,0.693,16.53
0.000992,0.09,0,0.85,0.15,0.15,0.00010297,2.9,131.7,0.806,113.42793149318064,1.06,22.19,0.708,16.65
0.000992,0.11715092217627167,0,0.8011193538033365,0.15,0.15,0.25,2.9,131.7,0.806,150,1.06,22.22,0.711,16.75
0.000992,0.09,0,0.85,0.15,0.15,0.25,2.9,131.7,0.806,150,1.08,22.4,0.725,17.55
0.000992,0.09,0,0.85,0.15,0.15,0.25,2.9,131.7,0.806,150,1.08,22.36,0.727,17.57
0.000992,0.09,0,0.85,0.15,0.15,0.25,2.9,131.7,0.806,150,1.1,22.32,0.711,17.45
0.000992,0.09,0,0.7818092773300409,0.2008182030419707,0.15,0.25,2.9,131.7,0.806,150,1.1,22.16,0.714,17.16
0.000992,0.09,0,0.85,0.15,0.14200443118026854,0.25,2.9,131.7,0.806,150,1.08,22.4,0.704,17.02
0.000992,0.09,0,0.85,0.15,0.15,0.25,2.9,131.7,0.806,150,1.08,22.43,0.709,17.18
0.000992,0.11667276107561587,0,0.85,0.15,0.15,0.25,2.9,131.7,0.806,112.52054911808997,1.08,22.36,0.701,17.25
3.760681915283204e-05,0.09,0,0.7979699008285999,0.15,0.15,0.25,2.9,131.7,0.806,150,1.1,22.3,0.698,17.1
0.000992,0.09,0,0.85,0.1369084296786785,0.15,0.000127912,2.9,131.7,0.806,112.39096265901989,1.08,22.26,0.703,16.89
0.000992,0.09,0,0.85,0.15,0.15,9.873809917579381e-05,2.9,131.7,0.806,150,1.08,22.25,0.703,16.96
3.3e-05,0.09,0,0,1,0,0.25,2.9,113.18343689799667,0.806,100,1,19.8,0.705,14
3.3e-05,0.09,0,0,1,0,0.666666667,2.9,131.7,0.806,100,1.01,19.5,0.756,14.9
3.3e-05,0.09,0.010040651191115378,0,1,0,1.5000000000000002,2.9,112.59342760911716,0.7257344350884855,100,1.03,19.8,0.778,15.9
3.3e-05,0.09,0,0,1,0,4,2.9,114.34949722416442,0.806,100,1.03,19,0.788,15.5
3.3e-05,0.09,0,0,1,0,1.5000000000000002,2.9,131.7,0.806,100,1.05,19.8,0.793,16.5
3.3e-05,0.09,0,0,0.9335979022477865,0,10.97183099,0.8999999999999999,34.6,0.2448,100,1.06,20.67,0.663,14.54
3.3e-05,0.09,0,0,1,0,10.97183099,0.8999999999999999,34.6,0.2448,100,1.06,20.54,0.683,14.87
3.3e-05,0.09,0,0,1,0,10.97183099,0.8999999999999999,34.6,0.32140451709365847,100,1.06,20.53,0.696,15.11
3.3e-05,0.09,0,0,0.9296008703767656,0,0.6259023555169125,0.8999999999999999,115.61945209483576,0.2448,100,1.06,20.42,0.706,15.2
0.000992,0.1,0,0.85,0.15,0,0.13,2.9,131.7,0.806,130,1.08,22.26,0.772,18.6
0.000992,0.1,0,0.85,0.15,0,0.13,2.9,131.7,0.806,130,1.11,24.2,0.777,20.86
0.000992,0.0863,0.05,0.85,0.1,0.22,0.25,2.9,114.60346649028688,0.806,100,1.143,22.57,0.76,19.61
0.000992,0.11728015187761187,0.05,0.85,0.12049037346190213,0.22,0.25,2.9,131.7,0.806,100,1.183,22.88,0.78,21.11
3.3e-05,0.101,0.06,0.79,0.15,0.15,0.315789474,2.6,96.4,3.2180000000000004,140,1.091,21.7,0.7,16.7
3.3e-05,0.082027043,0.07,0.93,0,0,0.315789474,2.6,96.4,3.2180000000000004,140,1.001,22,0.76,16.7
3.3e-05,0.101,0.07,0.93,0,0.17305061558505894,0.315789474,2.6,96.4,3.2180000000000004,140,1.025,23.4,0.74,17.7
3.3e-05,0.1,0,0,1,0,0.25,2.7,110.6,0.56,100,1.04,22.96,0.712,17.14
3.3e-05,0.1,0,0,1,0,0.25,2.7,112.9007985842824,0.56,100,1.08,22.6,0.7253,17.72
3.3e-05,0.1,0,0.069374452,1,0,0.25,2.7,110.6,0.56,100,1.08,22.61,0.7363,18.79
4.340319442749024e-05,0.1,0,0,1,0,0.25,2.7,112.77891533399557,0.56,100,1.08,23.34,0.757,19.1
3.3e-05,0.11075085833626984,0,0,1,0,0.25,2.7,110.6,0.56,100,1.05,23.88,0.7162,18.12
3.3e-05,0.4,0,0,1,0,0.428571429,2.7,110.6,0.56,95,1.1,22.72,0.75,18.28
4.3206298828125005e-05,0.1,0,1,0,0,0.25,2.9,131.7,0.806,100,1.09,21.11,0.657,15.1
0.000992,0.1,0,1,0,0,0.25,2.9,131.7,0.806,100,1.1,21.14,0.678,15.77
3.3e-05,0.12,0,0,1,0,1.1528011754839593,2.7,110.6,0.56,100,1.02,17.57,0.632,11.32
3.3e-05,0.07,0,0,1,0,2.333333333,2.9,131.7,0.806,113.71024293457687,1.065,18.35,0.676,13.15
0.000992,0.07,0,0,1,0,2.333333333,2.9,131.7,0.806,100,1.089,21.27,0.723,16.7
4.0434797286987305e-05,0.1,0,0,1,0,0.111111111,2.7,110.6,0.56,100,1.09,20.88,0.75,17.07
0.000992,0.1,0,0,1,0.04692613,0.111111111,2.7,110.6,0.56,100,1.09,21.34,0.76,17.8
0.000992,0.1,0,0,1,0,0.111111111,2.7,110.6,0.56,100,1.09,22.81,0.76,18.9
0.000992,0.1,0,0,1,0,0.111111111,2.7,113.02182798610485,0.56,100,1.09,24.38,0.76,20.34
0.000992,0.11720001713651418,0,0,1,0,0.111111111,2.7,110.6,0.56,100,1.09,23.37,0.75,19.41
3.3e-05,0.11443480128023027,0.05,0.81,0.13814078674408792,0.13613188670986892,0.25,2.9,113.02944026224483,0.806,130,1.13,22.94,0.7,18.15
3.3e-05,0.04,0.05,0.81,0.14,0.15,0.25,2.9,111.91774403364326,0.806,113.41200811222274,1.16,23.65,0.763,20.93
3.3e-05,0.0831,0,0.83,0.17,0.13350123045140505,0.25,2.9,131.7,0.806,100,1.12,19.21,0.7,15.08
3.3e-05,0.11320018559244274,0,0.7826154309567809,0.17,0.163,0.25,2.9,131.7,0.806,114.27141470841384,1.16,20.6,0.74,17.74
3.3e-05,0.0831,0,0.83,0.17,0.163,0.25,2.442133893642068,131.7,0.806,100,1.14,19.99,0.71,16.42
3.3e-05,0.0831,0,0.83,0.17,0.163,0.25,2.9,131.7,0.806,100,1.14,20.65,0.72,17.02
0.000992,0.11735062170499562,0.05,0.79,0.14507242643290758,0.16,0.25,2.9,131.7,0.806,113.16593331485927,1.17,22.62,0.779,20.6
0.000992,0.1,0.05,0.79,0.16,0.16,0.25,2.9,131.7,0.806,100,1.175,22.75,0.768,20.52
0.000992,0.1,0.05,0.79,0.16,0.16,0.25,2.445464244753659,131.7,0.806,100,1.153,22.23,0.795,20.37
0.000992,0.11721980919894574,0.05,0.79,0.16,0.1375766167817116,0.25,2.9,131.7,0.806,100,1.12,22.48,0.761,19.17
3.3e-05,0.1,0.05,0.79,0.15,0.13604003576856852,0.25,2.4786092074578407,131.7,0.806,100,1.05,20.08,0.66,14.13
3.3e-05,0.1,0.05,0.7804673370156288,0.15,0.16,0.25,2.9,131.7,0.806,100,1.1,22.47,0.73,18.22
0.000119639,0.1,0.05,0.7772846842205524,0.15,0.14648369939133526,0.25,2.9,131.7,0.806,100,1.14,22.59,0.74,19.16
3.3e-05,0.1,0.05,0.79,0.15,0.16,0.25,2.9,114.55340057905829,0.806,100,1.1,22.47,0.73,18.22
3.3e-05,0.159,0,0.7979701392474173,0.17,0.17,0.25,2.9,131.7,0.806,113.70722097906662,1.01,24,0.694,16.74
0.000992,0.159,0,0.83,0.17,0.17,0.25,2.9,131.7,0.631305411,100,1.086,24.69,0.699,18.75
3.3e-05,0.1,0.05,0.85,0.15,0.15,0.25,2.434631382799149,131.7,0.806,100,1.132,22.88,0.756,19.59
3.3e-05,0.1,0.05,0.85,0.15,0.14664797012087705,0.25,2.9,131.7,0.806,100,1.16,23.58,0.782,21.39
3.3e-05,0.1,0.022055617280095814,0.85,0.15,0.15,1.5555973358448345,2.9,131.7,0.7390130200198889,100,1.138,22.69,0.7438,19.19
4.44510440826416e-05,0.1,0.05,0.85,0.15,0.15,0.25,0.7,77.1,0.42299999999999993,100,1.149,23.35,0.7709,20.68
3.3e-05,0.1,0.05,0.85,0.15,0.15,0.25,3,156,1.124,100,1.148,23.46,0.7831,21.09
0.000992,0.06,0,0.070419114,1,0,0.000164195,2.9,131.7,0.806,100,1.09,21.2,0.7,16.2
0.000992,0.06,0,0,0.9283876762238145,0,0.25,2.9,131.7,0.806,100,1.13,22.3,0.75,18.9
3.3e-05,0.1,0,0.07036532,1,0,0.137741047,0.8999999999999999,131.7,0.806,100,1.02,22,0.75,16.8
3.7517784118652346e-05,0.1,0,0,0.9255418496131896,0,0.137741047,0.8999999999999999,131.7,0.806,100,1.06,21.3,0.71,15.9
4.344101715087891e-05,0.049,0.05,0.85,0.15,0.15,0.25,2.9,131.7,0.806,100,1.11,21.9,0.75,18.2
3.3e-05,0.11160141276445984,0.05,0.85,0.15,0.15,0.25,2.9,131.7,0.806,100,1.15,22.5,0.78,20.2
3.3e-05,0.1,0.05,0.8,0.15,0.15,0.25,2.9,131.7,0.806,100,1.16,23.02,0.752,20.05
3.3e-05,0.1,0.05,0.8,0.15,0.15,0.25,2.9,131.7,0.806,100,1.12,22.77,0.755,19.24
3.639091300964356e-05,0.1,0,0.85,0.15,0.15,0.25,2.9,131.7,0.6663537048888802,100,1.14,23.01,0.691,18.13
4.479156303405762e-05,0.1,0,0.85,0.15,0.15,0.25,2.9,131.7,0.806,100,1.11,22.72,0.672,16.88
3.3e-05,0.1127280475539565,0.1,0.75,0.15,0.15,0.25,2.9,131.7,0.806,100,1.18,23.68,0.743,20.75
3.3e-05,0.1,0.1,0.75,0.15,0.15,0.25,2.432730804575205,131.7,0.806,100,1.14,22.8,0.751,19.45
3.3e-05,0.1,0.2,0.65,0.15,0.15,0.25,2.9,131.7,0.7400833378088773,100,1.11,22.09,0.681,16.69
3.3e-05,0.1,0.2,0.65,0.15,0.15,0.25,2.9,131.7,0.806,110.80480705505028,1.11,21.94,0.606,14.63
3.3e-05,0.05,0,0.83,0.17,0.17,0.25,2.9,131.7,0.806,100,1.13,22.15,0.722,18.07
3.3e-05,0.05,0,0.773160217,0.17,0.14116658191412687,0.25,2.9,131.7,0.806,100,1.13,22.46,0.756,19.2
3.3e-05,0.105,0.05,0.83,0.17,0.1333092733089924,0.111111111,0.7,77.1,0.4058392538014948,100,1.19,21.42,0.76,19.23
3.3e-05,0.105,0.05,0.83,0.17,0.15,0.111111111,0.7,77.1,0.42299999999999993,100,1.16,21.53,0.74,18.52
3.3e-05,0.105,0.05,0.83,0.13706802127465603,0.15,0.111111111,0.7,77.1,0.42299999999999993,100,1.15,21.91,0.74,18.6
3.3e-05,0.105,0.05,0.83,0.14014252133363483,0.15,0.111111111,0.7,77.1,0.41098846296957137,100,1.14,21.27,0.73,17.7
3.3e-05,0.105,0.05,0.83,0.13494114660826323,0.15,0.111111111,0.7,77.1,0.42299999999999993,100,1.08,20.85,0.65,14.74
3.3e-05,0.1,0,0,1,0,0.142857143,0.8999999999999999,131.7,0.806,100,1.1,21.93,0.725,18
3.3e-05,0.1,0,0.070837032,1,0,0.142857143,0.8999999999999999,131.7,0.806,100,1.1,22.28,0.719,17.81
3.3e-05,0.1,0,0,1,0,0.142857143,0.8999999999999999,120.58536963957494,0.806,100,1.11,22.42,0.731,19
3.3e-05,0.1,0,0,1,0,0.142857143,0.8999999999999999,131.7,0.6207558239021301,100,1.1,22.4,0.6424,16.01
3.3e-05,0.1,0,0,1,0,0.142857143,0.8999999999999999,131.7,0.806,100,1.12,22.82,0.776,20.63
3.3e-05,0.049,0.05,0.81,0.14,0.15,0.25,2.9,131.7,0.806,80,1.16,22.7,0.764,20.1
7.824230003356935e-05,0.049,0.05,0.81,0.14,0.15,0.25,2.9,131.7,0.806,80,1.195,22.5,0.77,20.6
3.3e-05,0.16,0,0,1,0,0.428571429,2.9,131.7,0.806,100,1.032,18.5,0.677,12.94
0.000992,0.1,0,0,1,0,0.111111111,2.561078581050277,77.1,0.42299999999999993,65,1.041,21.46,0.65,14.69
0.000992,0.1,0,0,1,0,0.111111111,0.7,121.27439640630561,0.6108793377098143,65,1.02,20.7,0.6,12.7
0.000992,0.09,0,0,1,0,0.25,2.9,131.7,0.806,100,1,21.23,0.6,12.74
0.000992,0.09,0,0,1,0,0.25,2.9,131.7,0.806,100,1.07,20.95,0.63,14.12
0.000992,0.09,0,0,1,0,0.25,2.9,131.7,0.806,100,1.05,20.28,0.63,13.34
0.000992,0.09,0,0,1,0,0.25,2.9,131.7,0.806,100,1.08,21.17,0.68,15.45
0.000992,0.09,0,0,1,0,0.25,2.9,131.7,0.806,100,1.07,20.35,0.67,14.53
0.000992,0.09,0.009157217,0.066910751,1,0,0.25,2.9,131.7,0.806,100,1.08,20.58,0.63,14
0.000992,0.09,0,0,1,0,0.25,2.9,131.7,0.806,100,1.07,19.34,0.63,13.1
3.3e-05,0.12,0,0,1,0,0.428571429,2.9,131.7,0.806,100,1.09,18.33,0.69,13.81
0.000992,0.09,0,0,1,0,0.25,2.427103837996483,114.82942518517567,0.806,100,1.09,21.8,0.72,17.2
0.000992,0.16,0,0.85,0.15,0.15,0.25,0.7,77.1,0.42299999999999993,120,1.095,22.65,0.769,19.05
0.000992,0.16,0,0.85,0.15,0.15,0.25,0.7,77.1,0.42299999999999993,120,1.103,22.73,0.774,19.41
0.000992,0.16,0,0.85,0.15,0.15,0.25,2.515780966033757,77.1,0.42299999999999993,115.37597968054888,1.117,22.39,0.769,19.03
0.000992,0.16,0,0.85,0.15,0.14522352056998014,0.25,0.7,77.1,0.42299999999999993,120,1.122,22.34,0.764,19.15
3.500769424438477e-05,0.16,0,0.85,0.15,0.15,0.25,0.7,77.1,0.4265330273375809,120,1.107,21.18,0.726,17.02
0.000992,0.11699024648755788,0,0.85,0.15,0.15,0.25,0.7,77.1,0.42299999999999993,120,1.054,20.57,0.68,14.74
0.000992,0.16,0.024032518,0.81,0.11,0.15,0.25,0.7,77.1,0.42299999999999993,120,1.129,22.82,0.765,19.71
4.300199317932129e-05,0.16,0.05,0.81,0.11,0.15,0.25,0.7,77.1,0.42299999999999993,120,1.151,22.94,0.791,20.86
0.000992,0.16,0.05,0.81,0.15,0.15,0.25,0.7,77.1,0.42299999999999993,120,1.128,21.91,0.77,19.03
3.3e-05,0.1,0.02,0.83,0.17,0.17,0.25,2.9,131.7,0.806,100,1.09,17.7,0.62,11.9
3.3e-05,0.05,0.017294610179483888,0.83,0.17,0.12770499498009683,0.25,2.9,131.7,0.806,100,1.12,18.5,0.61,12.6
3.3e-05,0.1,0.02,0.83,0.17,0.17,0.25,2.495540008220434,114.69663727695828,0.806,100,1.12,22.2,0.55,13.8
7.331627655029297e-05,0.05,0.019814130943924188,0.83,0.17,0.17,0.25,2.9,131.7,0.806,100,1.11,18,0.67,13.5
3.3e-05,0.1,0.02,0.83,0.17,0.17,0.25,2.9,131.7,0.806,100,1.06,19.5,0.62,12.7
3.3e-05,0.05,0.02,0.83,0.17,0.17,0.25,2.9,131.7,0.806,100,1.06,21,0.57,12.7
0.000992,0.08,0,0,1,0,0.111111111,0.8999999999999999,131.7,0.7045595080464184,100,1.09,21.13,0.715,16.53
0.000992,0.08,0,0,1,0,0.111111111,0.8999999999999999,131.7,0.806,100,1.12,22.61,0.7583,19.12
3.3e-05,0.16,0.020617850639522074,0.875,0.14665281536719202,0,0.25,2.9,131.7,0.806,100,1.02,21.44,0.7,15.36
3.3e-05,0.16,0.1,0.875,0.125,0,0.25,2.9,131.7,0.806,100,1.06,21.13,0.71,15.91
3.3e-05,0.16,0.1,0.875,0.125,0,0.25,2.9,131.7,0.806,100,1.04,17.82,0.7,12.95
3.3e-05,0.16,0.1,0.875,0.125,0,0.25,2.9,131.7,0.806,100,1.07,17.84,0.67,13.73
3.3e-05,0.16,0.1,0.875,0.125,0,0.25,2.9,131.7,0.806,100,1,20.59,0.62,13.4
3.3e-05,0.16,0.1,0.875,0.125,0,0.25,2.9,131.7,0.806,100,1.01,19.09,0.71,13.7
0.000992,0.0896,0.04,0.92,0.04,0.01,0.666666667,2.9,113.76470509412229,0.806,130,0.98,22.43,0.7,15.32
0.000992,0.125,0,1,0,0,0.125,0.8999999999999999,131.7,0.806,150,1.114,24.15,0.808,21.72
0.000992,0.125,0,1,0,0,0.125,0.8999999999999999,131.7,0.806,150,1.05,23.48,0.72,17.87
3.3e-05,0.1,0,0.85,0.15,0.15,0.25,2.7,110.6,0.56,200,1.093,21.55,0.7622,17.95
3.3e-05,0.1,0,0.85,0.15,0.15,0.25,2.371751416,110.6,0.56,200,1.105,22.98,0.7196,18.27
3.3e-05,0.11576319464528559,0,0.7836173264327049,0.15,0.15,0.25,2.7,110.6,0.56,200,1.116,21.33,0.7773,18.5
3.3e-05,0.1,0,0.85,0.15,0.15,0.25,2.7,110.6,0.56,200,1.102,22.99,0.7233,18.32
3.3e-05,0.1,0,0.85,0.15,0.15,0.25,2.7,110.6,0.5347216289419234,200,1.102,23.43,0.7302,18.86
3.3e-05,0.1,0,0.85,0.15,0.15,0.25,2.7,110.6,0.56,200,1.118,23.33,0.7061,18.41
3.3e-05,0.1,0,0.85,0.15,0.15,0.25,2.7,110.6,0.56,200,1.115,21.49,0.7564,18.12
3.3e-05,0.1,0,0.85,0.16223244200980663,0.15,0.25,2.7,110.6,0.56,200,1.109,23.08,0.7219,18.48
3.3e-05,0.1,0.017453673260897397,0.85,0.15,0.15,0.25,2.7,110.6,0.56,200,1.129,22.18,0.7536,18.87
3.3e-05,0.1,0,0.85,0.15,0.15,0.25,2.7,110.6,0.56,200,1.101,21.33,0.7727,18.14
3.3e-05,0.1,0,0.85,0.16824369565594194,0.15,0.25,2.7,110.6,0.56,200,1.105,21.83,0.759,18.32
3.3e-05,0.1,0,0.85,0.15,0.15,1.0041873127825836,2.7,110.6,0.56,200,1.092,21.26,0.758,17.6
3.3e-05,0.1,0,0.85,0.15,0.15,0.25,2.7,110.6,0.56,200,1.104,22.21,0.7391,18.13
3.590885925292969e-05,0.11946865252760051,0,0.85,0.15,0.15,0.25,2.7,110.6,0.56,200,1.115,23.02,0.7313,18.77
3.433996009826661e-05,0.1,0,0.85,0.15,0.15,0.25,2.7,110.6,0.56,200,1.11,21.08,0.7668,17.93
3.3e-05,0.1,0,0.85,0.15,0.15,0.25,2.7,110.6,0.56,200,1.114,21.42,0.7527,17.95
3.3e-05,0.1,0,0.85,0.15,0.15,0.25,2.7,110.6,0.56,115.7509390922855,1.123,20.88,0.7725,18.12
3.3e-05,0.11575802601751684,0,0.85,0.15,0.15,0.25,2.7,110.6,0.56,200,1.109,21.93,0.7536,18.32
3.3e-05,0.11240928749397396,0,0.85,0.15,0.15,0.25,2.7,110.6,0.56,200,1.11,21.56,0.7462,17.86
3.3e-05,0.1,0,0.85,0.15,0.15,1.106997620206282,2.7,114.80528587604738,0.56,200,1.106,21.43,0.7695,18.23
3.3e-05,0.1,0,0.85,0.16650466880095002,0.15,0.25,2.7,110.6,0.5634146196378171,200,1.109,22.02,0.7486,18.26
3.3e-05,0.1,0.17,0.8706657056410312,0,0.4,0.285714286,2.9,109.20758559170997,0.6930405518807173,119.5281823144314,1.192,18.74,0.77,17.24
3.3e-05,0.10258089666706323,0.17,0.83,0.064372365,0.4,0.285714286,2.9,131.7,0.6887069604969621,100,1.23,18.99,0.78,18.1
3.3e-05,0.1,0.17,0.83,0,0.4,0.285714286,2.9,111.05038594992621,0.806,100,1.23,18.34,0.79,17.8
0.000160212,0.1,0.17,0.83,0,0.14075907904395463,0.285714286,2.9,131.7,0.806,100,1.2,19.03,0.76,16.57
3.3e-05,0.11155962952154874,0.17,0.83,0,0.4,0.285714286,2.4596703493374585,131.7,0.806,100,1.16,18.57,0.74,15.85
